{"stats":{"minecraft:mined":{"zombie_extreme:copper_ore":13,"minecraft:grass_block":10,"zombie_extreme:blackmetal":5,"caves_and_cliffs_mod:deepslate":3,"minecraft:redstone_wire":1,"minecraft:spawner":1,"minecraft:furnace":9,"extra_ores:aluminum_ore":19,"minecraft:andesite":1,"extra_ores:amethyst_ore":6,"treechop:chopped_log":20,"caves_and_cliffs_mod:drip_caves_stone":1,"minecraft:stone":53,"minecraft:white_wool":2,"scalinghealth:heart_crystal_ore":1,"extra_ores:copper_ore":23,"extra_ores:silver_ore":10,"minecraft:glass_pane":1,"minecraft:crafting_table":7,"extra_ores:sapphire_ore":3,"minecraft:tall_grass":4,"minecraft:oak_planks":2,"minecraft:wall_torch":2,"minecraft:seagrass":1,"zombie_extreme:rubyore":1,"minecraft:cyan_wool":13,"minecraft:coarse_dirt":1,"caves_and_cliffs_mod:tuff":1,"minecraft:birch_leaves":4,"minecraft:grass":20,"minecraft:oak_log":31,"minecraft:coal_ore":106,"minecraft:dirt":8,"minecraft:cobweb":8,"minecraft:oak_leaves":389,"minecraft:redstone_lamp":1},"minecraft:picked_up":{"minecraft:crafting_table":7,"minecraft:coarse_dirt":1,"zombie_extreme:blackmetal":5,"minecraft:chicken":6,"minecraft:redstone_lamp":1,"minecraft:potion":2,"minecraft:gold_block":2,"minecraft:string":10,"caves_and_cliffs_mod:raw_iron":67,"minecraft:beef":19,"minecraft:cyan_wool":20,"zombie_extreme:knife":2,"minecraft:iron_pickaxe":1,"zombie_extreme:copper_ignot":13,"minecraft:egg":2,"zombie_extreme:copper_ore":13,"minecraft:furnace":9,"zombie_extreme:ruby":2,"caves_and_cliffs_mod:drip_caves_stone":1,"extra_ores:sapphire":6,"extra_ores:silver_armor_leggings":1,"minecraft:stick":17,"minecraft:oak_fence":1,"zombie_extreme:cannedmeat":1,"minecraft:torch":41,"extra_ores:aluminum_ore":19,"minecraft:redstone":1,"zombie_extreme:soda":1,"minecraft:stone_sword":1,"zombie_extreme:blackbar":5,"minecraft:rotten_flesh":8,"minecraft:white_wool":3,"minecraft:cobblestone":78,"extra_ores:copper_ore":23,"minecraft:feather":9,"minecraft:cooked_beef":6,"minecraft:andesite":1,"minecraft:leather":10,"minecraft:filled_map":2,"extra_ores:silver_ingot":3,"minecraft:oak_log":30,"minecraft:dirt":17,"extra_ores:aluminum_ingot":18,"minecraft:apple":3,"minecraft:wheat_seeds":3,"extra_ores:amethyst":12,"minecraft:iron_ingot":59,"zombie_extreme:cloth":1,"minecraft:oak_planks":31,"zombie_extreme:knifesilicon":1,"extra_ores:rotten_heart":3,"scalinghealth:heart_crystal_shard":2,"extra_ores:copper_ingot":11,"zombie_extreme:antiradon_enhanced_action":1,"extra_ores:silver_ore":10,"zombie_extreme:vodka":1,"caves_and_cliffs_mod:tuff":1,"minecraft:stone_axe":2,"extra_ores:copper_armor_chestplate":1,"zombie_extreme:empty_can":1,"minecraft:oak_sapling":17,"minecraft:coal":183},"minecraft:crafted":{"minecraft:oak_planks":120,"minecraft:rotten_flesh":8,"extra_ores:silver_armor_leggings":1,"extra_ores:copper_armor_chestplate":1,"minecraft:furnace":2,"usefulbackpacks:backpack_small":1,"extra_ores:silver_ingot":10,"extra_ores:aluminum_ingot":19,"minecraft:leather":8,"minecraft:iron_axe":1,"minecraft:stone_pickaxe":1,"zombie_extreme:blackbar":5,"usefulbackpacks:backpack_medium":1,"minecraft:cooked_beef":9,"minecraft:crafting_table":1,"minecraft:wooden_pickaxe":1,"minecraft:stone_axe":1,"zombie_extreme:copper_ignot":13,"minecraft:air":0,"extra_ores:copper_ingot":19,"minecraft:white_wool":1,"minecraft:stick":96,"usefulbackpacks:backpack_large":1,"minecraft:iron_ingot":63,"minecraft:stone_sword":1,"minecraft:torch":48,"extra_ores:aluminum_armor_boots":1},"minecraft:dropped":{"minecraft:cooked_beef":3,"zombie_extreme:empty_can":1,"minecraft:stone_axe":1,"minecraft:rotten_flesh":1,"caves_and_cliffs_mod:drip_caves_stone":1},"minecraft:killed":{"zombie_extreme:soldier_zombie":1,"zombie_extreme:bombsuitzombie":2,"zombie_extreme:infectedperson":1,"minecraft:skeleton":2,"minecraft:chicken":6,"zombie_extreme:fast_zombie_v_2":2,"zombie_extreme:militarysoldier":1,"minecraft:creeper":1,"minecraft:zombie":3,"minecraft:cow":4},"minecraft:custom":{"minecraft:mob_kills":21,"minecraft:interact_with_anvil":1,"minecraft:interact_with_crafting_table":36,"minecraft:open_barrel":3,"minecraft:damage_dealt_resisted":49,"minecraft:leave_game":3,"minecraft:time_since_death":59273,"minecraft:climb_one_cm":1586,"minecraft:sprint_one_cm":198161,"minecraft:walk_one_cm":308018,"minecraft:drop":7,"minecraft:deaths":1,"minecraft:sneak_time":17293,"minecraft:walk_under_water_one_cm":5277,"minecraft:boat_one_cm":5614,"minecraft:jump":2386,"minecraft:walk_on_water_one_cm":10103,"minecraft:interact_with_furnace":97,"minecraft:play_one_minute":126584,"minecraft:sleep_in_bed":2,"minecraft:time_since_rest":13919,"minecraft:damage_taken":1115,"minecraft:damage_absorbed":50,"minecraft:damage_dealt":3488,"minecraft:swim_one_cm":12767,"minecraft:fly_one_cm":297434,"minecraft:open_chest":28,"minecraft:crouch_one_cm":20899,"minecraft:fall_one_cm":42316},"minecraft:broken":{"minecraft:stone_pickaxe":1,"minecraft:stone_axe":1},"minecraft:killed_by":{"zombie_extreme:night_hunter":1},"minecraft:used":{"minecraft:stone_sword":8,"caves_and_cliffs_mod:tuff":1,"minecraft:rotten_flesh":1,"minecraft:torch":11,"minecraft:dirt":14,"minecraft:oak_sapling":9,"minecraft:furnace":9,"zombie_extreme:soda":1,"minecraft:cooked_beef":6,"minecraft:stone_pickaxe":112,"minecraft:oak_planks":3,"minecraft:wooden_pickaxe":3,"zombie_extreme:chips":1,"minecraft:white_wool":2,"minecraft:crafting_table":7,"minecraft:bread":2,"minecraft:iron_pickaxe":143,"minecraft:stone_axe":86,"minecraft:cobblestone":5,"minecraft:andesite":1,"minecraft:coarse_dirt":1,"minecraft:cobweb":6}},"DataVersion":2586}