{"stats":{"minecraft:picked_up":{"minecraft:crafting_table":10,"zombie_extreme:blackmetal":9,"minecraft:chicken":2,"minecraft:crimson_planks":3,"minecraft:string":31,"caves_and_cliffs_mod:raw_iron":70,"minecraft:spruce_planks":8,"caves_and_cliffs_mod:smooth_basalt":9,"minecraft:beef":8,"minecraft:oak_boat":1,"minecraft:spruce_slab":4,"minecraft:coal_block":2,"zombie_extreme:copper_ignot":1,"minecraft:chest":1,"minecraft:furnace":12,"minecraft:stick":19,"extra_ores:sapphire":6,"minecraft:sandstone":5,"minecraft:torch":21,"minecraft:spruce_stairs":2,"minecraft:porkchop":12,"extra_ores:aluminum_ore":30,"minecraft:diorite":1,"minecraft:stone_pressure_plate":1,"zombie_extreme:soda":1,"minecraft:arrow":17,"minecraft:rotten_flesh":16,"minecraft:cobblestone":73,"extra_ores:copper_ore":14,"caves_and_cliffs_mod:calcite":12,"minecraft:feather":3,"minecraft:tripwire_hook":1,"minecraft:birch_slab":4,"minecraft:leather":4,"minecraft:cut_sandstone":2,"minecraft:flint":2,"extra_ores:silver_ingot":14,"minecraft:oak_log":18,"scalinghealth:heart_crystal":1,"minecraft:dirt":5,"minecraft:orange_terracotta":3,"minecraft:bone":14,"minecraft:apple":2,"minecraft:wheat_seeds":1,"minecraft:iron_ingot":9,"extra_ores:amethyst":8,"caves_and_cliffs_mod:cobbled_deepslate":35,"minecraft:oak_planks":1,"scalinghealth:heart_crystal_shard":3,"minecraft:quartz":16,"minecraft:poisonous_potato":1,"minecraft:gravel":1,"extra_ores:silver_ore":24,"minecraft:polished_andesite":1,"minecraft:light_blue_terracotta":1,"minecraft:diamond":2,"minecraft:emerald":1,"minecraft:oak_sapling":19,"minecraft:coal":139},"minecraft:used":{"minecraft:stone_sword":97,"minecraft:chest":1,"minecraft:spruce_planks":6,"minecraft:shield":19,"zombie_extreme:golfclub":17,"minecraft:torch":26,"caves_and_cliffs_mod:smooth_basalt":9,"minecraft:dirt":5,"scalinghealth:heart_crystal":1,"caves_and_cliffs_mod:cobbled_deepslate":35,"minecraft:spruce_stairs":2,"minecraft:iron_axe":68,"minecraft:oak_sapling":19,"minecraft:furnace":12,"zombie_extreme:soda":1,"minecraft:cooked_beef":2,"minecraft:orange_terracotta":1,"minecraft:diorite":1,"minecraft:stone_pickaxe":99,"minecraft:oak_planks":3,"minecraft:wooden_pickaxe":18,"minecraft:sandstone":5,"minecraft:cut_sandstone":2,"minecraft:crafting_table":10,"zombie_extreme:jam":1,"minecraft:bread":2,"minecraft:iron_pickaxe":234,"minecraft:stone_axe":72,"minecraft:cobblestone":40,"minecraft:cooked_porkchop":8,"minecraft:pumpkin_pie":1,"minecraft:oak_boat":1,"minecraft:cobweb":7},"minecraft:mined":{"zombie_extreme:blackmetal":9,"minecraft:grass_block":2,"caves_and_cliffs_mod:deepslate":35,"minecraft:coal_block":2,"minecraft:sandstone":11,"minecraft:spawner":1,"caves_and_cliffs_mod:cobbled_deepslate":2,"minecraft:furnace":12,"extra_ores:aluminum_ore":30,"extra_ores:amethyst_ore":8,"treechop:chopped_log":8,"caves_and_cliffs_mod:deepslate_diamond_ore":2,"minecraft:vine":1,"minecraft:stone":67,"caves_and_cliffs_mod:calcite":12,"scalinghealth:heart_crystal_ore":1,"extra_ores:copper_ore":14,"extra_ores:silver_ore":24,"minecraft:orange_terracotta":2,"minecraft:crafting_table":10,"minecraft:torch":4,"minecraft:dead_bush":11,"extra_ores:sapphire_ore":6,"minecraft:tall_grass":1,"minecraft:cobblestone":7,"minecraft:diorite":1,"minecraft:wall_torch":16,"minecraft:light_blue_terracotta":1,"minecraft:birch_leaves":1,"minecraft:grass":5,"minecraft:coal_ore":81,"minecraft:oak_log":18,"caves_and_cliffs_mod:smooth_basalt":10,"minecraft:gravel":2,"minecraft:dirt":4,"minecraft:cobweb":29,"minecraft:polished_andesite":1,"minecraft:oak_leaves":272},"minecraft:broken":{"minecraft:stone_pickaxe":1,"minecraft:stone_axe":1,"minecraft:iron_pickaxe":1},"minecraft:killed":{"minecraft:vindicator":2,"minecraft:skeleton":10,"minecraft:chicken":2,"minecraft:silverfish":8,"zombie_extreme:survial":1,"zombie_extreme:infected_spec_ops_soldier":1,"zombie_extreme:wastland_spider":1,"minecraft:pig":5,"minecraft:zombie":5,"zombie_extreme:crawler_zombie":1,"minecraft:cow":4,"zombie_extreme:rat_king":1},"minecraft:dropped":{"minecraft:wheat_seeds":1,"minecraft:poisonous_potato":1,"minecraft:feather":3,"minecraft:birch_slab":2,"minecraft:bone":2,"minecraft:gravel":1,"minecraft:orange_terracotta":1,"minecraft:stone_pressure_plate":1,"minecraft:spruce_slab":2},"minecraft:custom":{"minecraft:mob_kills":42,"minecraft:interact_with_crafting_table":25,"minecraft:open_barrel":13,"minecraft:leave_game":3,"minecraft:time_since_death":114564,"minecraft:climb_one_cm":2495,"minecraft:sprint_one_cm":134236,"minecraft:walk_one_cm":259689,"minecraft:damage_blocked_by_shield":820,"minecraft:drop":11,"minecraft:talked_to_villager":5,"minecraft:sneak_time":19788,"minecraft:walk_under_water_one_cm":36328,"minecraft:boat_one_cm":472,"minecraft:jump":3118,"minecraft:walk_on_water_one_cm":65065,"minecraft:interact_with_furnace":59,"minecraft:play_one_minute":114564,"minecraft:sleep_in_bed":1,"minecraft:time_since_rest":27878,"minecraft:damage_taken":1487,"minecraft:damage_dealt":8780,"minecraft:swim_one_cm":84050,"minecraft:fly_one_cm":230979,"minecraft:open_chest":37,"minecraft:crouch_one_cm":36618,"minecraft:fall_one_cm":38549,"minecraft:inspect_dispenser":1},"minecraft:crafted":{"minecraft:oak_planks":72,"extra_ores:silver_armor_leggings":1,"minecraft:cooked_chicken":2,"extra_ores:silver_ingot":10,"usefulbackpacks:backpack_small":1,"minecraft:furnace":2,"extra_ores:aluminum_ingot":18,"minecraft:iron_axe":1,"minecraft:stone_pickaxe":1,"minecraft:cooked_beef":8,"minecraft:cooked_porkchop":12,"minecraft:crafting_table":1,"minecraft:wooden_pickaxe":1,"minecraft:stone_axe":1,"extra_ores:aluminum_armor_helmet":1,"minecraft:air":0,"extra_ores:copper_ingot":9,"minecraft:white_wool":4,"minecraft:shield":1,"minecraft:stick":4,"minecraft:iron_ingot":24,"minecraft:iron_pickaxe":2,"minecraft:stone_sword":1,"extra_ores:silver_armor_chestplate":1,"minecraft:torch":8,"extra_ores:aluminum_armor_boots":1}},"DataVersion":2586}