{"stats":{"minecraft:mined":{"extra_ores:silver_ore":10,"zombie_extreme:copper_ore":13,"minecraft:crafting_table":4,"caves_and_cliffs_mod:deepslate":3,"minecraft:grass_block":1,"zombie_extreme:blackmetal":5,"extra_ores:sapphire_ore":3,"minecraft:tall_grass":1,"minecraft:cyan_wool":8,"minecraft:wall_torch":2,"minecraft:spawner":1,"minecraft:seagrass":1,"zombie_extreme:rubyore":1,"minecraft:coarse_dirt":1,"caves_and_cliffs_mod:tuff":1,"minecraft:furnace":4,"extra_ores:aluminum_ore":19,"minecraft:andesite":1,"minecraft:birch_leaves":4,"extra_ores:amethyst_ore":6,"treechop:chopped_log":8,"minecraft:grass":4,"caves_and_cliffs_mod:drip_caves_stone":1,"minecraft:oak_log":12,"minecraft:coal_ore":106,"minecraft:dirt":1,"minecraft:cobweb":8,"minecraft:stone":53,"minecraft:white_wool":2,"minecraft:oak_leaves":170,"scalinghealth:heart_crystal_ore":1,"extra_ores:copper_ore":19},"minecraft:picked_up":{"minecraft:crafting_table":4,"extra_ores:copper_ore":19,"minecraft:coarse_dirt":1,"minecraft:cooked_beef":6,"zombie_extreme:blackmetal":5,"minecraft:andesite":1,"minecraft:leather":10,"minecraft:filled_map":2,"minecraft:potion":2,"extra_ores:silver_ingot":3,"minecraft:oak_log":11,"minecraft:dirt":2,"minecraft:string":10,"extra_ores:aluminum_ingot":18,"caves_and_cliffs_mod:raw_iron":58,"minecraft:iron_ingot":58,"extra_ores:amethyst":12,"minecraft:beef":19,"minecraft:cyan_wool":7,"zombie_extreme:knife":2,"zombie_extreme:cloth":1,"minecraft:iron_pickaxe":1,"zombie_extreme:copper_ignot":13,"extra_ores:rotten_heart":1,"minecraft:oak_planks":29,"zombie_extreme:knifesilicon":1,"zombie_extreme:copper_ore":13,"minecraft:furnace":4,"caves_and_cliffs_mod:drip_caves_stone":1,"zombie_extreme:ruby":2,"extra_ores:silver_armor_leggings":1,"extra_ores:sapphire":6,"minecraft:stick":11,"scalinghealth:heart_crystal_shard":2,"minecraft:torch":41,"extra_ores:copper_ingot":11,"extra_ores:aluminum_ore":19,"zombie_extreme:antiradon_enhanced_action":1,"extra_ores:silver_ore":10,"zombie_extreme:soda":1,"zombie_extreme:vodka":1,"minecraft:stone_sword":1,"zombie_extreme:blackbar":5,"minecraft:rotten_flesh":6,"caves_and_cliffs_mod:tuff":1,"minecraft:stone_axe":1,"extra_ores:copper_armor_chestplate":1,"zombie_extreme:empty_can":1,"minecraft:oak_sapling":9,"minecraft:coal":175,"minecraft:white_wool":3,"minecraft:cobblestone":78},"minecraft:crafted":{"minecraft:cooked_beef":9,"minecraft:oak_planks":44,"minecraft:rotten_flesh":4,"extra_ores:silver_armor_leggings":1,"minecraft:crafting_table":1,"extra_ores:copper_armor_chestplate":1,"minecraft:wooden_pickaxe":1,"usefulbackpacks:backpack_small":1,"extra_ores:silver_ingot":10,"minecraft:furnace":2,"extra_ores:aluminum_ingot":18,"minecraft:stone_axe":1,"zombie_extreme:copper_ignot":13,"minecraft:air":0,"extra_ores:copper_ingot":19,"minecraft:white_wool":1,"minecraft:stick":16,"minecraft:iron_ingot":58,"minecraft:stone_pickaxe":1,"zombie_extreme:blackbar":5,"minecraft:stone_sword":1,"minecraft:torch":48},"minecraft:dropped":{"caves_and_cliffs_mod:drip_caves_stone":1,"zombie_extreme:empty_can":1},"minecraft:killed":{"zombie_extreme:soldier_zombie":1,"zombie_extreme:bombsuitzombie":1,"zombie_extreme:infectedperson":1,"minecraft:creeper":1,"minecraft:zombie":2,"minecraft:cow":4},"minecraft:custom":{"minecraft:interact_with_furnace":72,"minecraft:mob_kills":10,"minecraft:interact_with_anvil":1,"minecraft:interact_with_crafting_table":22,"minecraft:open_barrel":3,"minecraft:play_one_minute":76019,"minecraft:damage_dealt_resisted":19,"minecraft:time_since_death":8708,"minecraft:sleep_in_bed":1,"minecraft:time_since_rest":8738,"minecraft:sprint_one_cm":107888,"minecraft:damage_absorbed":50,"minecraft:damage_taken":802,"minecraft:walk_one_cm":193400,"minecraft:drop":2,"minecraft:damage_dealt":1570,"minecraft:swim_one_cm":10112,"minecraft:fly_one_cm":120520,"minecraft:open_chest":17,"minecraft:crouch_one_cm":15197,"minecraft:deaths":1,"minecraft:sneak_time":6738,"minecraft:walk_under_water_one_cm":3872,"minecraft:boat_one_cm":5614,"minecraft:jump":1118,"minecraft:walk_on_water_one_cm":7231,"minecraft:fall_one_cm":21317},"minecraft:broken":{"minecraft:stone_pickaxe":1},"minecraft:killed_by":{"zombie_extreme:night_hunter":1},"minecraft:used":{"minecraft:stone_sword":8,"minecraft:stone_pickaxe":112,"caves_and_cliffs_mod:tuff":1,"minecraft:wooden_pickaxe":3,"zombie_extreme:chips":1,"minecraft:white_wool":2,"minecraft:torch":11,"minecraft:dirt":2,"minecraft:crafting_table":4,"minecraft:iron_pickaxe":134,"minecraft:stone_axe":41,"minecraft:oak_sapling":9,"minecraft:furnace":4,"minecraft:andesite":1,"zombie_extreme:soda":1,"minecraft:cooked_beef":4,"minecraft:coarse_dirt":1,"minecraft:cobweb":6}},"DataVersion":2586}