{"stats":{"minecraft:picked_up":{"minecraft:coarse_dirt":1,"minecraft:stick":7,"minecraft:crafting_table":3,"minecraft:leather":5,"minecraft:filled_map":1,"minecraft:potion":1,"minecraft:oak_log":11,"minecraft:string":7,"minecraft:dirt":2,"zombie_extreme:soda":1,"caves_and_cliffs_mod:raw_iron":4,"minecraft:rotten_flesh":1,"caves_and_cliffs_mod:tuff":1,"minecraft:beef":9,"minecraft:oak_sapling":9,"minecraft:coal":10,"minecraft:white_wool":1,"minecraft:cobblestone":26},"minecraft:mined":{"minecraft:seagrass":1,"minecraft:coarse_dirt":1,"caves_and_cliffs_mod:tuff":1,"minecraft:birch_leaves":4,"treechop:chopped_log":8,"minecraft:crafting_table":3,"minecraft:grass":4,"minecraft:coal_ore":10,"minecraft:grass_block":1,"minecraft:oak_log":12,"minecraft:dirt":1,"minecraft:cobweb":8,"minecraft:tall_grass":1,"minecraft:stone":28,"minecraft:white_wool":1,"minecraft:oak_leaves":170,"minecraft:spawner":1},"minecraft:crafted":{"minecraft:cooked_beef":9,"minecraft:oak_planks":44,"minecraft:white_wool":1,"minecraft:crafting_table":1,"minecraft:stick":16,"minecraft:wooden_pickaxe":1,"minecraft:stone_pickaxe":1,"minecraft:stone_sword":1,"minecraft:furnace":1,"minecraft:stone_axe":1,"minecraft:air":0},"minecraft:killed":{"minecraft:zombie":1,"zombie_extreme:infectedperson":1,"minecraft:cow":4},"minecraft:custom":{"minecraft:time_since_rest":718,"minecraft:interact_with_furnace":10,"minecraft:sprint_one_cm":38060,"minecraft:damage_taken":239,"minecraft:walk_one_cm":71244,"minecraft:interact_with_anvil":1,"minecraft:mob_kills":6,"minecraft:damage_dealt":790,"minecraft:swim_one_cm":10112,"minecraft:interact_with_crafting_table":10,"minecraft:fly_one_cm":50709,"minecraft:open_barrel":3,"minecraft:open_chest":12,"minecraft:crouch_one_cm":2021,"minecraft:play_one_minute":28019,"minecraft:sneak_time":858,"minecraft:walk_under_water_one_cm":3872,"minecraft:boat_one_cm":5614,"minecraft:jump":387,"minecraft:walk_on_water_one_cm":6748,"minecraft:time_since_death":28019,"minecraft:sleep_in_bed":1,"minecraft:fall_one_cm":9581},"minecraft:used":{"minecraft:stone_sword":8,"minecraft:stone_pickaxe":37,"minecraft:wooden_pickaxe":3,"minecraft:white_wool":1,"zombie_extreme:chips":1,"minecraft:stone_axe":25,"minecraft:dirt":1,"minecraft:crafting_table":3,"minecraft:furnace":1,"minecraft:oak_sapling":9,"minecraft:cooked_beef":2,"minecraft:coarse_dirt":1,"minecraft:cobweb":6}},"DataVersion":2586}