{"stats":{"minecraft:mined":{"minecraft:seagrass":1,"minecraft:oak_log":4,"minecraft:birch_leaves":4,"treechop:chopped_log":3,"minecraft:oak_leaves":54,"minecraft:crafting_table":1},"minecraft:picked_up":{"minecraft:crafting_table":1,"minecraft:stick":2,"minecraft:oak_log":4,"minecraft:oak_sapling":3},"minecraft:crafted":{"minecraft:oak_planks":16,"minecraft:crafting_table":1,"minecraft:wooden_pickaxe":1},"minecraft:custom":{"minecraft:time_since_rest":4019,"minecraft:play_one_minute":4019,"minecraft:crouch_one_cm":94,"minecraft:sprint_one_cm":2087,"minecraft:walk_one_cm":4960,"minecraft:sneak_time":87,"minecraft:walk_under_water_one_cm":1008,"minecraft:jump":19,"minecraft:time_since_death":4019,"minecraft:walk_on_water_one_cm":1555,"minecraft:interact_with_crafting_table":2,"minecraft:fly_one_cm":1406},"minecraft:used":{"minecraft:crafting_table":1,"minecraft:oak_sapling":3}},"DataVersion":2586}