{"stats":{"minecraft:mined":{"zombie_extreme:cardboard_box":1,"zombie_extreme:copper_ore":15,"minecraft:grass_block":12,"zombie_extreme:blackmetal":5,"caves_and_cliffs_mod:deepslate":44,"minecraft:redstone_wire":18,"minecraft:spawner":1,"caves_and_cliffs_mod:cobbled_deepslate":1,"minecraft:furnace":11,"extra_ores:aluminum_ore":20,"minecraft:andesite":1,"extra_ores:amethyst_ore":6,"treechop:chopped_log":26,"caves_and_cliffs_mod:deepslate_diamond_ore":3,"caves_and_cliffs_mod:drip_caves_stone":1,"minecraft:vine":1,"minecraft:stone":60,"minecraft:white_wool":2,"scalinghealth:heart_crystal_ore":1,"extra_ores:copper_ore":25,"extra_ores:silver_ore":19,"caves_and_cliffs_mod:moss_block":2,"minecraft:glass_pane":1,"minecraft:crafting_table":9,"minecraft:rose_bush":10,"extra_ores:sapphire_ore":9,"minecraft:tall_grass":8,"minecraft:cobblestone":1,"minecraft:oak_planks":2,"minecraft:wall_torch":2,"minecraft:seagrass":1,"zombie_extreme:rubyore":1,"minecraft:cyan_wool":13,"minecraft:gray_wool":2,"minecraft:coarse_dirt":3,"caves_and_cliffs_mod:tuff":3,"minecraft:birch_leaves":14,"minecraft:grass":58,"minecraft:oak_log":38,"minecraft:coal_ore":106,"minecraft:gravel":2,"minecraft:sand":12,"minecraft:dirt":18,"minecraft:cobweb":8,"minecraft:oak_leaves":513,"minecraft:redstone_lamp":1},"minecraft:picked_up":{"minecraft:crafting_table":9,"minecraft:coarse_dirt":3,"zombie_extreme:blackmetal":5,"minecraft:chicken":6,"minecraft:redstone_lamp":2,"minecraft:gold_block":2,"minecraft:potion":2,"minecraft:string":10,"caves_and_cliffs_mod:raw_iron":74,"minecraft:beef":19,"minecraft:oak_boat":1,"minecraft:rose_bush":5,"zombie_extreme:knife":2,"minecraft:cyan_wool":20,"minecraft:iron_pickaxe":1,"zombie_extreme:copper_ignot":14,"minecraft:furnace":11,"zombie_extreme:copper_ore":15,"minecraft:egg":4,"zombie_extreme:ruby":2,"caves_and_cliffs_mod:drip_caves_stone":1,"extra_ores:silver_armor_leggings":1,"extra_ores:sapphire":13,"minecraft:stick":21,"minecraft:oak_fence":2,"minecraft:torch":41,"zombie_extreme:cannedmeat":1,"extra_ores:aluminum_ore":20,"minecraft:redstone":24,"zombie_extreme:soda":1,"minecraft:stone_sword":1,"minecraft:rotten_flesh":16,"zombie_extreme:blackbar":5,"caves_and_cliffs_mod:deepslate_iron_ore":1,"minecraft:white_wool":4,"minecraft:cobblestone":82,"extra_ores:copper_ore":25,"minecraft:feather":9,"minecraft:cooked_beef":6,"minecraft:andesite":1,"minecraft:leather":10,"minecraft:filled_map":2,"extra_ores:silver_ingot":3,"minecraft:oak_log":44,"minecraft:dirt":29,"extra_ores:aluminum_ingot":18,"minecraft:apple":3,"minecraft:wheat_seeds":11,"minecraft:iron_ingot":59,"extra_ores:amethyst":12,"caves_and_cliffs_mod:cobbled_deepslate":362,"zombie_extreme:cloth":1,"caves_and_cliffs_mod:moss_block":2,"minecraft:oak_planks":31,"zombie_extreme:knifesilicon":1,"extra_ores:rotten_heart":3,"scalinghealth:heart_crystal_shard":2,"minecraft:gravel":1,"extra_ores:copper_ingot":11,"minecraft:sand":12,"zombie_extreme:antiradon_enhanced_action":1,"extra_ores:silver_ore":18,"zombie_extreme:cardboard_box":1,"zombie_extreme:vodka":1,"minecraft:polished_andesite":1,"caves_and_cliffs_mod:tuff":3,"minecraft:diamond":3,"minecraft:stone_axe":2,"extra_ores:copper_armor_chestplate":1,"zombie_extreme:empty_can":1,"minecraft:gray_wool":3,"minecraft:oak_sapling":35,"minecraft:coal":183},"minecraft:crafted":{"minecraft:oak_planks":148,"minecraft:rotten_flesh":8,"extra_ores:silver_armor_leggings":1,"extra_ores:copper_armor_chestplate":1,"minecraft:furnace":2,"extra_ores:silver_ingot":18,"usefulbackpacks:backpack_small":1,"extra_ores:aluminum_ingot":20,"extra_ores:iron_hammer":1,"minecraft:leather":8,"minecraft:iron_axe":1,"minecraft:stone_pickaxe":1,"zombie_extreme:blackbar":5,"usefulbackpacks:backpack_medium":1,"minecraft:cooked_beef":9,"minecraft:crafting_table":2,"minecraft:wooden_pickaxe":1,"minecraft:stone_axe":1,"zombie_extreme:copper_ignot":15,"minecraft:air":0,"extra_ores:copper_ingot":19,"minecraft:white_wool":1,"minecraft:stick":100,"usefulbackpacks:backpack_large":1,"minecraft:iron_ingot":67,"minecraft:wooden_axe":1,"minecraft:stone_sword":1,"minecraft:torch":48,"extra_ores:aluminum_armor_boots":1},"minecraft:dropped":{"minecraft:wheat_seeds":7,"minecraft:cooked_beef":3,"caves_and_cliffs_mod:cobbled_deepslate":256,"zombie_extreme:empty_can":1,"minecraft:redstone":1,"minecraft:gravel":1,"minecraft:stone_axe":1,"caves_and_cliffs_mod:moss_block":2,"caves_and_cliffs_mod:drip_caves_stone":1,"minecraft:rotten_flesh":1,"minecraft:egg":1},"minecraft:killed":{"zombie_extreme:soldier_zombie":1,"zombie_extreme:bombsuitzombie":2,"zombie_extreme:infectedperson":1,"minecraft:skeleton":2,"minecraft:chicken":6,"zombie_extreme:fast_zombie_v_2":2,"zombie_extreme:militarysoldier":1,"caves_and_cliffs_mod:warden":1,"minecraft:creeper":2,"minecraft:zombie":4,"minecraft:cow":4,"zombie_extreme:rat_king":1},"minecraft:custom":{"minecraft:interact_with_anvil":1,"minecraft:mob_kills":25,"minecraft:interact_with_crafting_table":42,"minecraft:open_barrel":6,"minecraft:damage_dealt_resisted":49,"minecraft:leave_game":5,"minecraft:time_since_death":42753,"minecraft:climb_one_cm":2663,"minecraft:damage_resisted":210,"minecraft:sprint_one_cm":358411,"minecraft:walk_one_cm":462691,"minecraft:drop":19,"minecraft:sneak_time":24893,"minecraft:deaths":17,"minecraft:walk_under_water_one_cm":10498,"minecraft:boat_one_cm":9234,"minecraft:jump":4044,"minecraft:walk_on_water_one_cm":37138,"minecraft:interact_with_furnace":110,"minecraft:play_one_minute":248327,"minecraft:sleep_in_bed":2,"minecraft:time_since_rest":42780,"minecraft:damage_taken":5177,"minecraft:damage_absorbed":1736,"minecraft:damage_dealt":6763,"minecraft:swim_one_cm":44314,"minecraft:fly_one_cm":591981,"minecraft:open_chest":40,"minecraft:crouch_one_cm":38415,"minecraft:fall_one_cm":91898},"minecraft:broken":{"minecraft:stone_pickaxe":1,"minecraft:stone_axe":1},"minecraft:killed_by":{"minecraft:player":8,"zombie_extreme:night_hunter":2,"zombie_extreme:infected_dog":1,"minecraft:skeleton":1,"minecraft:zombie":1},"minecraft:used":{"minecraft:rose_bush":4,"minecraft:stone_sword":8,"caves_and_cliffs_mod:tuff":3,"minecraft:redstone":17,"zombie_extreme:bread":1,"minecraft:rotten_flesh":2,"minecraft:torch":14,"minecraft:dirt":24,"caves_and_cliffs_mod:cobbled_deepslate":44,"extra_ores:iron_hammer":33,"minecraft:wooden_axe":12,"minecraft:iron_axe":52,"zombie_extreme:drug":1,"minecraft:oak_sapling":10,"minecraft:furnace":12,"zombie_extreme:soda":1,"minecraft:egg":1,"minecraft:cooked_beef":6,"minecraft:stone_pickaxe":112,"minecraft:polished_andesite":1,"minecraft:oak_planks":3,"minecraft:wooden_pickaxe":3,"zombie_extreme:chips":1,"minecraft:white_wool":3,"minecraft:sand":12,"minecraft:crafting_table":9,"minecraft:bread":3,"minecraft:iron_pickaxe":187,"minecraft:stone_axe":86,"minecraft:cobblestone":24,"minecraft:andesite":1,"minecraft:coarse_dirt":2,"minecraft:gray_wool":1,"minecraft:cobweb":6}},"DataVersion":2586}