{"stats":{"minecraft:crafted":{"minecraft:oak_planks":140,"minecraft:coal":2,"minecraft:cooked_porkchop":7,"minecraft:crafting_table":3,"minecraft:wooden_pickaxe":2,"extra_ores:silver_ingot":5,"minecraft:furnace":1,"extra_ores:aluminum_ingot":4,"minecraft:stone_axe":2,"minecraft:cooked_mutton":4,"minecraft:air":0,"extra_ores:copper_ingot":5,"minecraft:shield":2,"minecraft:stick":36,"minecraft:iron_ingot":6,"minecraft:stone_pickaxe":2,"minecraft:stone_sword":1,"minecraft:torch":4},"minecraft:picked_up":{"extra_ores:copper_ore":5,"minecraft:crafting_table":5,"minecraft:stripped_warped_hyphae":1,"minecraft:filled_map":3,"minecraft:brain_coral_block":2,"minecraft:oak_log":35,"zombie_extreme:rottenapple":1,"scalinghealth:heart_crystal":2,"minecraft:dirt":3,"caves_and_cliffs_mod:raw_iron":7,"minecraft:bone":6,"minecraft:wheat_seeds":2,"minecraft:fire_coral_block":1,"minecraft:iron_ingot":7,"minecraft:oak_boat":4,"zombie_extreme:cannedbeans":1,"minecraft:furnace":4,"extra_ores:sapphire":6,"minecraft:stick":2,"minecraft:torch":5,"minecraft:poisonous_potato":1,"minecraft:porkchop":7,"minecraft:sand":7,"minecraft:golden_axe":1,"extra_ores:aluminum_ore":8,"minecraft:white_bed":1,"extra_ores:silver_ore":5,"minecraft:arrow":3,"minecraft:rotten_flesh":11,"caves_and_cliffs_mod:tuff":2,"minecraft:gold_ingot":1,"zombie_extreme:butcher_knife":1,"minecraft:black_wool":2,"minecraft:mutton":4,"minecraft:coal":63,"minecraft:cobblestone":69},"minecraft:custom":{"minecraft:interact_with_furnace":21,"minecraft:mob_kills":25,"minecraft:interact_with_crafting_table":17,"goblintraders:trade_with_goblin":2,"minecraft:play_one_minute":67156,"minecraft:damage_dealt_resisted":42,"minecraft:leave_game":1,"minecraft:time_since_death":16898,"minecraft:sleep_in_bed":1,"minecraft:climb_one_cm":214,"minecraft:time_since_rest":7855,"minecraft:sprint_one_cm":45715,"minecraft:damage_taken":1003,"minecraft:walk_one_cm":156303,"minecraft:drop":8,"minecraft:damage_dealt":3814,"minecraft:swim_one_cm":32036,"minecraft:fly_one_cm":56527,"minecraft:open_chest":2,"minecraft:crouch_one_cm":5955,"minecraft:deaths":1,"minecraft:sneak_time":3376,"minecraft:walk_under_water_one_cm":24330,"minecraft:boat_one_cm":99383,"minecraft:jump":776,"minecraft:walk_on_water_one_cm":23032,"minecraft:fall_one_cm":18204},"minecraft:killed_by":{"zombie_extreme:militarysoldier":1},"minecraft:mined":{"minecraft:white_bed":1,"minecraft:crafting_table":5,"minecraft:grass_block":1,"minecraft:wall_torch":4,"minecraft:spawner":1,"minecraft:light_blue_stained_glass":1,"minecraft:seagrass":1,"minecraft:tall_seagrass":3,"minecraft:furnace":4,"extra_ores:aluminum_ore":8,"zombie_extreme:burntremains":2,"minecraft:grass":2,"caves_and_cliffs_mod:azalea_leaves":1,"minecraft:coal_ore":55,"minecraft:oak_log":29,"minecraft:sand":6,"minecraft:dirt":3,"minecraft:stone":68,"minecraft:oak_leaves":7,"minecraft:brain_coral":1,"caves_and_cliffs_mod:glowing_lush_caves_vine_body":1,"extra_ores:copper_ore":5},"minecraft:killed":{"minecraft:pig":1,"zombie_extreme:drawnedzombie":1,"minecraft:sheep":2,"minecraft:skeleton":1,"zombie_extreme:policezombie":1,"minecraft:zombie":3,"minecraft:drowned":13},"minecraft:dropped":{"minecraft:wheat_seeds":2,"minecraft:cobblestone":3,"minecraft:filled_map":2,"caves_and_cliffs_mod:tuff":1},"minecraft:used":{"minecraft:brain_coral_block":2,"zombie_extreme:butcher_knife":19,"minecraft:stone_pickaxe":121,"minecraft:wooden_pickaxe":25,"minecraft:torch":9,"minecraft:sand":4,"scalinghealth:heart_crystal":2,"minecraft:crafting_table":6,"minecraft:stone_axe":72,"minecraft:stripped_warped_hyphae":1,"minecraft:fire_coral_block":1,"minecraft:cobblestone":3,"minecraft:furnace":5,"minecraft:cooked_porkchop":3,"minecraft:oak_boat":3}},"DataVersion":2586}