{"stats":{"minecraft:broken":{"minecraft:stone_pickaxe":1,"minecraft:stone_axe":1},"minecraft:mined":{"extra_ores:silver_ore":24,"minecraft:orange_terracotta":2,"minecraft:crafting_table":6,"minecraft:torch":4,"minecraft:grass_block":2,"caves_and_cliffs_mod:deepslate":35,"minecraft:dead_bush":11,"extra_ores:sapphire_ore":6,"minecraft:tall_grass":1,"minecraft:cobblestone":7,"minecraft:diorite":1,"minecraft:sandstone":11,"minecraft:wall_torch":12,"minecraft:light_blue_terracotta":1,"caves_and_cliffs_mod:cobbled_deepslate":2,"minecraft:furnace":10,"extra_ores:aluminum_ore":18,"minecraft:birch_leaves":1,"extra_ores:amethyst_ore":8,"treechop:chopped_log":8,"caves_and_cliffs_mod:deepslate_diamond_ore":2,"minecraft:grass":5,"minecraft:oak_log":18,"minecraft:coal_ore":78,"minecraft:vine":1,"caves_and_cliffs_mod:smooth_basalt":10,"minecraft:gravel":2,"minecraft:dirt":4,"minecraft:cobweb":23,"minecraft:stone":53,"caves_and_cliffs_mod:calcite":12,"minecraft:oak_leaves":272,"scalinghealth:heart_crystal_ore":1,"extra_ores:copper_ore":9},"minecraft:crafted":{"minecraft:cooked_beef":8,"minecraft:oak_planks":72,"minecraft:cooked_porkchop":12,"minecraft:crafting_table":1,"minecraft:wooden_pickaxe":1,"minecraft:cooked_chicken":2,"extra_ores:silver_ingot":10,"minecraft:furnace":2,"extra_ores:aluminum_ingot":18,"minecraft:stone_axe":1,"minecraft:air":0,"extra_ores:copper_ingot":9,"minecraft:shield":1,"minecraft:iron_axe":1,"minecraft:stick":4,"minecraft:iron_ingot":24,"minecraft:iron_pickaxe":1,"minecraft:stone_pickaxe":1,"minecraft:stone_sword":1,"minecraft:torch":8},"minecraft:used":{"minecraft:diorite":1,"minecraft:stone_sword":78,"minecraft:stone_pickaxe":99,"minecraft:wooden_pickaxe":18,"minecraft:shield":16,"minecraft:sandstone":5,"minecraft:cut_sandstone":2,"caves_and_cliffs_mod:smooth_basalt":9,"minecraft:torch":21,"minecraft:dirt":5,"minecraft:crafting_table":6,"caves_and_cliffs_mod:cobbled_deepslate":35,"minecraft:iron_axe":12,"minecraft:iron_pickaxe":183,"minecraft:stone_axe":72,"minecraft:cobblestone":36,"minecraft:furnace":10,"minecraft:oak_sapling":19,"minecraft:cooked_porkchop":8,"zombie_extreme:soda":1,"minecraft:pumpkin_pie":1,"minecraft:cobweb":1},"minecraft:picked_up":{"extra_ores:copper_ore":9,"minecraft:crafting_table":6,"caves_and_cliffs_mod:calcite":12,"minecraft:feather":3,"minecraft:chicken":2,"minecraft:birch_slab":4,"minecraft:cut_sandstone":2,"minecraft:leather":4,"minecraft:flint":2,"extra_ores:silver_ingot":14,"minecraft:oak_log":18,"minecraft:dirt":5,"minecraft:string":23,"minecraft:orange_terracotta":1,"caves_and_cliffs_mod:raw_iron":55,"minecraft:bone":8,"minecraft:apple":2,"minecraft:wheat_seeds":1,"minecraft:iron_ingot":9,"caves_and_cliffs_mod:smooth_basalt":9,"extra_ores:amethyst":8,"minecraft:beef":8,"caves_and_cliffs_mod:cobbled_deepslate":35,"zombie_extreme:copper_ignot":1,"minecraft:furnace":10,"minecraft:sandstone":5,"extra_ores:sapphire":6,"minecraft:stick":19,"scalinghealth:heart_crystal_shard":3,"minecraft:torch":16,"minecraft:poisonous_potato":1,"minecraft:gravel":1,"minecraft:porkchop":12,"extra_ores:aluminum_ore":18,"minecraft:diorite":1,"extra_ores:silver_ore":24,"minecraft:stone_pressure_plate":1,"zombie_extreme:soda":1,"minecraft:arrow":6,"minecraft:rotten_flesh":14,"minecraft:light_blue_terracotta":1,"minecraft:diamond":2,"minecraft:oak_sapling":19,"minecraft:coal":136,"minecraft:cobblestone":60},"minecraft:custom":{"minecraft:interact_with_furnace":58,"minecraft:mob_kills":27,"minecraft:interact_with_crafting_table":17,"minecraft:play_one_minute":88246,"minecraft:leave_game":3,"minecraft:time_since_death":88246,"minecraft:sleep_in_bed":1,"minecraft:climb_one_cm":2345,"minecraft:time_since_rest":1560,"minecraft:sprint_one_cm":127451,"minecraft:damage_taken":1021,"minecraft:walk_one_cm":214952,"minecraft:damage_blocked_by_shield":690,"minecraft:drop":7,"minecraft:damage_dealt":5379,"minecraft:talked_to_villager":5,"minecraft:swim_one_cm":546,"minecraft:fly_one_cm":222428,"minecraft:open_chest":36,"minecraft:crouch_one_cm":28044,"minecraft:sneak_time":15923,"minecraft:walk_under_water_one_cm":6910,"minecraft:jump":1692,"minecraft:walk_on_water_one_cm":21052,"minecraft:fall_one_cm":37504},"minecraft:killed":{"minecraft:pig":5,"minecraft:skeleton":5,"minecraft:zombie":4,"minecraft:chicken":2,"zombie_extreme:crawler_zombie":1,"zombie_extreme:survial":1,"zombie_extreme:rat_king":1,"minecraft:cow":4},"minecraft:dropped":{"minecraft:gravel":1,"minecraft:wheat_seeds":1,"minecraft:poisonous_potato":1,"minecraft:feather":3,"minecraft:birch_slab":2,"minecraft:stone_pressure_plate":1}},"DataVersion":2586}