{"stats":{"minecraft:picked_up":{"minecraft:stick":7,"minecraft:crafting_table":2,"minecraft:potion":1,"minecraft:oak_log":11,"minecraft:dirt":1,"zombie_extreme:soda":1,"caves_and_cliffs_mod:raw_iron":4,"minecraft:rotten_flesh":1,"caves_and_cliffs_mod:tuff":1,"minecraft:oak_sapling":9,"minecraft:coal":10,"minecraft:cobblestone":26},"minecraft:mined":{"minecraft:seagrass":1,"caves_and_cliffs_mod:tuff":1,"minecraft:birch_leaves":4,"treechop:chopped_log":8,"minecraft:crafting_table":2,"minecraft:coal_ore":10,"minecraft:grass_block":1,"minecraft:oak_log":12,"minecraft:stone":28,"minecraft:oak_leaves":170,"minecraft:spawner":1},"minecraft:crafted":{"minecraft:oak_planks":44,"minecraft:crafting_table":1,"minecraft:stick":16,"minecraft:wooden_pickaxe":1,"minecraft:stone_pickaxe":1,"minecraft:furnace":1,"minecraft:stone_axe":1},"minecraft:killed":{"minecraft:zombie":1,"zombie_extreme:infectedperson":1},"minecraft:custom":{"minecraft:time_since_rest":16019,"minecraft:interact_with_furnace":1,"minecraft:sprint_one_cm":12516,"minecraft:damage_taken":45,"minecraft:walk_one_cm":26933,"minecraft:mob_kills":2,"minecraft:damage_dealt":188,"minecraft:swim_one_cm":10112,"minecraft:interact_with_crafting_table":7,"minecraft:fly_one_cm":15468,"minecraft:open_barrel":3,"minecraft:open_chest":1,"minecraft:crouch_one_cm":1710,"minecraft:play_one_minute":16019,"minecraft:sneak_time":728,"minecraft:walk_under_water_one_cm":3872,"minecraft:boat_one_cm":5614,"minecraft:jump":136,"minecraft:walk_on_water_one_cm":6748,"minecraft:time_since_death":16019,"minecraft:fall_one_cm":1521},"minecraft:used":{"minecraft:stone_pickaxe":37,"minecraft:wooden_pickaxe":3,"minecraft:stone_axe":10,"minecraft:dirt":1,"minecraft:crafting_table":2,"minecraft:oak_sapling":3}},"DataVersion":2586}