{"stats":{"minecraft:picked_up":{"extra_ores:copper_ore":9,"minecraft:crafting_table":9,"caves_and_cliffs_mod:calcite":12,"minecraft:feather":3,"minecraft:chicken":2,"minecraft:tripwire_hook":1,"minecraft:birch_slab":4,"minecraft:cut_sandstone":2,"minecraft:leather":4,"minecraft:flint":2,"extra_ores:silver_ingot":14,"minecraft:oak_log":18,"scalinghealth:heart_crystal":1,"minecraft:dirt":5,"minecraft:string":29,"minecraft:orange_terracotta":2,"caves_and_cliffs_mod:raw_iron":55,"minecraft:bone":12,"minecraft:apple":2,"minecraft:wheat_seeds":1,"minecraft:spruce_planks":5,"extra_ores:amethyst":8,"caves_and_cliffs_mod:smooth_basalt":9,"minecraft:iron_ingot":9,"minecraft:beef":8,"minecraft:oak_boat":1,"caves_and_cliffs_mod:cobbled_deepslate":35,"minecraft:chest":1,"zombie_extreme:copper_ignot":1,"minecraft:oak_planks":1,"minecraft:furnace":12,"minecraft:sandstone":5,"extra_ores:sapphire":6,"minecraft:stick":19,"scalinghealth:heart_crystal_shard":3,"minecraft:torch":17,"minecraft:poisonous_potato":1,"minecraft:gravel":1,"minecraft:porkchop":12,"extra_ores:aluminum_ore":18,"minecraft:diorite":1,"extra_ores:silver_ore":24,"minecraft:stone_pressure_plate":1,"zombie_extreme:soda":1,"minecraft:polished_andesite":1,"minecraft:arrow":16,"minecraft:rotten_flesh":14,"minecraft:light_blue_terracotta":1,"minecraft:diamond":2,"minecraft:oak_sapling":19,"minecraft:coal":136,"minecraft:cobblestone":60},"minecraft:used":{"minecraft:diorite":1,"minecraft:stone_sword":97,"minecraft:stone_pickaxe":99,"minecraft:oak_planks":3,"minecraft:wooden_pickaxe":18,"minecraft:shield":16,"zombie_extreme:golfclub":11,"minecraft:sandstone":5,"minecraft:cut_sandstone":2,"caves_and_cliffs_mod:smooth_basalt":9,"minecraft:torch":21,"minecraft:dirt":5,"scalinghealth:heart_crystal":1,"minecraft:crafting_table":9,"caves_and_cliffs_mod:cobbled_deepslate":35,"zombie_extreme:jam":1,"minecraft:iron_axe":45,"minecraft:iron_pickaxe":189,"minecraft:stone_axe":72,"minecraft:cobblestone":36,"minecraft:furnace":12,"minecraft:oak_sapling":19,"minecraft:cooked_porkchop":8,"zombie_extreme:soda":1,"minecraft:oak_boat":1,"minecraft:pumpkin_pie":1,"minecraft:cooked_beef":2,"minecraft:orange_terracotta":1,"minecraft:cobweb":7},"minecraft:mined":{"extra_ores:silver_ore":24,"minecraft:orange_terracotta":2,"minecraft:crafting_table":9,"minecraft:torch":4,"minecraft:grass_block":2,"caves_and_cliffs_mod:deepslate":35,"minecraft:dead_bush":11,"extra_ores:sapphire_ore":6,"minecraft:tall_grass":1,"minecraft:cobblestone":7,"minecraft:diorite":1,"minecraft:sandstone":11,"minecraft:wall_torch":13,"minecraft:spawner":1,"minecraft:light_blue_terracotta":1,"caves_and_cliffs_mod:cobbled_deepslate":2,"minecraft:furnace":12,"extra_ores:aluminum_ore":18,"minecraft:birch_leaves":1,"extra_ores:amethyst_ore":8,"treechop:chopped_log":8,"caves_and_cliffs_mod:deepslate_diamond_ore":2,"minecraft:grass":5,"minecraft:oak_log":18,"minecraft:coal_ore":78,"minecraft:vine":1,"caves_and_cliffs_mod:smooth_basalt":10,"minecraft:gravel":2,"minecraft:dirt":4,"minecraft:cobweb":29,"minecraft:polished_andesite":1,"minecraft:stone":53,"caves_and_cliffs_mod:calcite":12,"minecraft:oak_leaves":272,"scalinghealth:heart_crystal_ore":1,"extra_ores:copper_ore":9},"minecraft:killed":{"minecraft:pig":5,"minecraft:vindicator":1,"minecraft:skeleton":9,"minecraft:zombie":4,"minecraft:chicken":2,"zombie_extreme:crawler_zombie":1,"minecraft:silverfish":8,"zombie_extreme:survial":1,"zombie_extreme:rat_king":1,"minecraft:cow":4},"minecraft:custom":{"minecraft:interact_with_furnace":59,"minecraft:mob_kills":37,"minecraft:interact_with_crafting_table":24,"minecraft:open_barrel":13,"minecraft:play_one_minute":102564,"minecraft:leave_game":3,"minecraft:time_since_death":102564,"minecraft:sleep_in_bed":1,"minecraft:climb_one_cm":2495,"minecraft:time_since_rest":15878,"minecraft:sprint_one_cm":130341,"minecraft:damage_taken":1387,"minecraft:walk_one_cm":234948,"minecraft:damage_blocked_by_shield":690,"minecraft:drop":7,"minecraft:damage_dealt":7610,"minecraft:swim_one_cm":68902,"minecraft:fly_one_cm":227038,"minecraft:talked_to_villager":5,"minecraft:open_chest":36,"minecraft:crouch_one_cm":29828,"minecraft:sneak_time":16693,"minecraft:walk_under_water_one_cm":25348,"minecraft:boat_one_cm":472,"minecraft:jump":2209,"minecraft:walk_on_water_one_cm":54173,"minecraft:fall_one_cm":37713},"minecraft:dropped":{"minecraft:gravel":1,"minecraft:wheat_seeds":1,"minecraft:poisonous_potato":1,"minecraft:feather":3,"minecraft:birch_slab":2,"minecraft:stone_pressure_plate":1},"minecraft:crafted":{"minecraft:cooked_beef":8,"minecraft:oak_planks":72,"extra_ores:silver_armor_leggings":1,"minecraft:cooked_porkchop":12,"minecraft:crafting_table":1,"minecraft:wooden_pickaxe":1,"minecraft:cooked_chicken":2,"usefulbackpacks:backpack_small":1,"extra_ores:silver_ingot":10,"minecraft:furnace":2,"extra_ores:aluminum_ingot":18,"minecraft:stone_axe":1,"extra_ores:aluminum_armor_helmet":1,"minecraft:air":0,"minecraft:white_wool":4,"extra_ores:copper_ingot":9,"minecraft:shield":1,"minecraft:iron_axe":1,"minecraft:stick":4,"minecraft:iron_ingot":24,"minecraft:iron_pickaxe":1,"minecraft:stone_pickaxe":1,"extra_ores:silver_armor_chestplate":1,"minecraft:stone_sword":1,"minecraft:torch":8,"extra_ores:aluminum_armor_boots":1},"minecraft:broken":{"minecraft:stone_pickaxe":1,"minecraft:stone_axe":1}},"DataVersion":2586}