{"stats":{"minecraft:mined":{"zombie_extreme:copper_ore":15,"minecraft:grass_block":10,"zombie_extreme:blackmetal":5,"caves_and_cliffs_mod:deepslate":44,"minecraft:redstone_wire":1,"minecraft:spawner":1,"caves_and_cliffs_mod:cobbled_deepslate":1,"minecraft:furnace":11,"extra_ores:aluminum_ore":20,"minecraft:andesite":1,"extra_ores:amethyst_ore":6,"treechop:chopped_log":20,"caves_and_cliffs_mod:deepslate_diamond_ore":3,"caves_and_cliffs_mod:drip_caves_stone":1,"minecraft:stone":60,"minecraft:white_wool":2,"scalinghealth:heart_crystal_ore":1,"extra_ores:copper_ore":25,"caves_and_cliffs_mod:moss_block":2,"extra_ores:silver_ore":19,"minecraft:glass_pane":1,"minecraft:crafting_table":8,"minecraft:rose_bush":1,"extra_ores:sapphire_ore":9,"minecraft:tall_grass":4,"minecraft:cobblestone":1,"minecraft:oak_planks":2,"minecraft:wall_torch":2,"minecraft:seagrass":1,"zombie_extreme:rubyore":1,"minecraft:cyan_wool":13,"minecraft:gray_wool":2,"minecraft:coarse_dirt":1,"caves_and_cliffs_mod:tuff":3,"minecraft:birch_leaves":4,"minecraft:grass":21,"minecraft:oak_log":31,"minecraft:coal_ore":106,"minecraft:gravel":2,"minecraft:dirt":8,"minecraft:cobweb":8,"minecraft:oak_leaves":394,"minecraft:redstone_lamp":1},"minecraft:picked_up":{"minecraft:crafting_table":8,"minecraft:coarse_dirt":1,"zombie_extreme:blackmetal":5,"minecraft:chicken":6,"minecraft:redstone_lamp":1,"minecraft:potion":2,"minecraft:gold_block":2,"minecraft:string":10,"caves_and_cliffs_mod:raw_iron":74,"minecraft:beef":19,"minecraft:oak_boat":1,"minecraft:cyan_wool":20,"zombie_extreme:knife":2,"minecraft:iron_pickaxe":1,"zombie_extreme:copper_ignot":14,"minecraft:egg":3,"zombie_extreme:copper_ore":15,"minecraft:furnace":11,"zombie_extreme:ruby":2,"caves_and_cliffs_mod:drip_caves_stone":1,"extra_ores:sapphire":13,"extra_ores:silver_armor_leggings":1,"minecraft:stick":17,"minecraft:oak_fence":1,"zombie_extreme:cannedmeat":1,"minecraft:torch":41,"extra_ores:aluminum_ore":20,"minecraft:redstone":1,"zombie_extreme:soda":1,"minecraft:stone_sword":1,"zombie_extreme:blackbar":5,"minecraft:rotten_flesh":16,"caves_and_cliffs_mod:deepslate_iron_ore":1,"minecraft:white_wool":3,"minecraft:cobblestone":82,"extra_ores:copper_ore":25,"minecraft:feather":9,"minecraft:cooked_beef":6,"minecraft:andesite":1,"minecraft:leather":10,"minecraft:filled_map":2,"extra_ores:silver_ingot":3,"minecraft:oak_log":30,"minecraft:dirt":17,"extra_ores:aluminum_ingot":18,"minecraft:apple":3,"minecraft:wheat_seeds":3,"extra_ores:amethyst":12,"minecraft:iron_ingot":59,"caves_and_cliffs_mod:cobbled_deepslate":362,"zombie_extreme:cloth":1,"caves_and_cliffs_mod:moss_block":2,"minecraft:oak_planks":31,"zombie_extreme:knifesilicon":1,"extra_ores:rotten_heart":3,"scalinghealth:heart_crystal_shard":2,"minecraft:gravel":1,"extra_ores:copper_ingot":11,"zombie_extreme:antiradon_enhanced_action":1,"extra_ores:silver_ore":18,"zombie_extreme:vodka":1,"caves_and_cliffs_mod:tuff":3,"minecraft:diamond":3,"minecraft:stone_axe":2,"extra_ores:copper_armor_chestplate":1,"zombie_extreme:empty_can":1,"minecraft:gray_wool":3,"minecraft:oak_sapling":17,"minecraft:coal":183},"minecraft:crafted":{"minecraft:oak_planks":120,"minecraft:rotten_flesh":8,"extra_ores:silver_armor_leggings":1,"extra_ores:copper_armor_chestplate":1,"minecraft:furnace":2,"usefulbackpacks:backpack_small":1,"extra_ores:silver_ingot":18,"extra_ores:aluminum_ingot":20,"extra_ores:iron_hammer":1,"minecraft:leather":8,"minecraft:iron_axe":1,"minecraft:stone_pickaxe":1,"zombie_extreme:blackbar":5,"usefulbackpacks:backpack_medium":1,"minecraft:cooked_beef":9,"minecraft:crafting_table":1,"minecraft:wooden_pickaxe":1,"minecraft:stone_axe":1,"zombie_extreme:copper_ignot":15,"minecraft:air":0,"extra_ores:copper_ingot":19,"minecraft:white_wool":1,"minecraft:stick":96,"usefulbackpacks:backpack_large":1,"minecraft:iron_ingot":67,"minecraft:stone_sword":1,"minecraft:torch":48,"extra_ores:aluminum_armor_boots":1},"minecraft:dropped":{"minecraft:wheat_seeds":2,"minecraft:cooked_beef":3,"caves_and_cliffs_mod:cobbled_deepslate":256,"zombie_extreme:empty_can":1,"minecraft:gravel":1,"minecraft:stone_axe":1,"caves_and_cliffs_mod:moss_block":2,"minecraft:rotten_flesh":1,"caves_and_cliffs_mod:drip_caves_stone":1,"minecraft:egg":1},"minecraft:killed":{"zombie_extreme:soldier_zombie":1,"zombie_extreme:bombsuitzombie":2,"zombie_extreme:infectedperson":1,"minecraft:skeleton":2,"minecraft:chicken":6,"zombie_extreme:fast_zombie_v_2":2,"zombie_extreme:militarysoldier":1,"caves_and_cliffs_mod:warden":1,"minecraft:creeper":2,"minecraft:zombie":4,"zombie_extreme:rat_king":1,"minecraft:cow":4},"minecraft:custom":{"minecraft:mob_kills":25,"minecraft:interact_with_anvil":1,"minecraft:interact_with_crafting_table":38,"minecraft:open_barrel":3,"minecraft:damage_dealt_resisted":49,"minecraft:leave_game":3,"minecraft:time_since_death":733,"minecraft:climb_one_cm":1586,"minecraft:sprint_one_cm":257065,"minecraft:walk_one_cm":401588,"minecraft:drop":16,"minecraft:deaths":6,"minecraft:sneak_time":24251,"minecraft:walk_under_water_one_cm":7625,"minecraft:boat_one_cm":9234,"minecraft:jump":3034,"minecraft:walk_on_water_one_cm":15083,"minecraft:interact_with_furnace":109,"minecraft:play_one_minute":158843,"minecraft:sleep_in_bed":2,"minecraft:time_since_rest":765,"minecraft:damage_taken":2520,"minecraft:damage_absorbed":460,"minecraft:damage_dealt":6321,"minecraft:swim_one_cm":12767,"minecraft:fly_one_cm":407502,"minecraft:open_chest":28,"minecraft:crouch_one_cm":36240,"minecraft:fall_one_cm":61776},"minecraft:broken":{"minecraft:stone_pickaxe":1,"minecraft:stone_axe":1},"minecraft:killed_by":{"minecraft:player":1,"zombie_extreme:night_hunter":2,"minecraft:skeleton":1},"minecraft:used":{"minecraft:stone_sword":8,"caves_and_cliffs_mod:tuff":3,"minecraft:rotten_flesh":2,"minecraft:torch":14,"minecraft:dirt":15,"caves_and_cliffs_mod:cobbled_deepslate":44,"extra_ores:iron_hammer":33,"minecraft:iron_axe":52,"minecraft:oak_sapling":9,"minecraft:furnace":12,"zombie_extreme:soda":1,"minecraft:cooked_beef":6,"minecraft:stone_pickaxe":112,"minecraft:oak_planks":3,"minecraft:wooden_pickaxe":3,"zombie_extreme:chips":1,"minecraft:white_wool":2,"minecraft:crafting_table":8,"minecraft:bread":3,"minecraft:iron_pickaxe":187,"minecraft:stone_axe":86,"minecraft:cobblestone":24,"minecraft:andesite":1,"minecraft:coarse_dirt":1,"minecraft:gray_wool":1,"minecraft:cobweb":6}},"DataVersion":2586}