{"stats":{"minecraft:mined":{"extra_ores:silver_ore":6,"zombie_extreme:copper_ore":8,"minecraft:crafting_table":3,"minecraft:grass_block":1,"zombie_extreme:blackmetal":5,"extra_ores:sapphire_ore":3,"minecraft:tall_grass":1,"minecraft:spawner":1,"minecraft:seagrass":1,"zombie_extreme:rubyore":1,"minecraft:coarse_dirt":1,"caves_and_cliffs_mod:tuff":1,"minecraft:furnace":2,"extra_ores:aluminum_ore":7,"minecraft:birch_leaves":4,"extra_ores:amethyst_ore":4,"treechop:chopped_log":8,"minecraft:grass":4,"caves_and_cliffs_mod:drip_caves_stone":1,"minecraft:oak_log":12,"minecraft:coal_ore":98,"minecraft:dirt":1,"minecraft:cobweb":8,"minecraft:stone":52,"minecraft:white_wool":2,"minecraft:oak_leaves":170,"extra_ores:copper_ore":16},"minecraft:picked_up":{"minecraft:crafting_table":3,"extra_ores:copper_ore":16,"minecraft:coarse_dirt":1,"zombie_extreme:blackmetal":5,"minecraft:leather":5,"minecraft:filled_map":1,"minecraft:potion":1,"minecraft:oak_log":11,"minecraft:dirt":2,"minecraft:string":7,"caves_and_cliffs_mod:raw_iron":46,"extra_ores:amethyst":4,"minecraft:beef":14,"zombie_extreme:copper_ore":8,"minecraft:furnace":2,"caves_and_cliffs_mod:drip_caves_stone":1,"zombie_extreme:ruby":1,"extra_ores:sapphire":3,"minecraft:stick":7,"extra_ores:aluminum_ore":7,"extra_ores:silver_ore":6,"zombie_extreme:soda":1,"minecraft:rotten_flesh":2,"caves_and_cliffs_mod:tuff":1,"zombie_extreme:empty_can":1,"minecraft:oak_sapling":9,"minecraft:coal":98,"minecraft:white_wool":2,"minecraft:cobblestone":47},"minecraft:crafted":{"minecraft:cooked_beef":9,"minecraft:oak_planks":44,"minecraft:crafting_table":1,"minecraft:wooden_pickaxe":1,"extra_ores:silver_ingot":6,"minecraft:furnace":2,"minecraft:stone_axe":1,"zombie_extreme:copper_ignot":5,"minecraft:air":0,"extra_ores:copper_ingot":14,"minecraft:white_wool":1,"minecraft:stick":16,"minecraft:iron_ingot":35,"minecraft:stone_pickaxe":1,"minecraft:stone_sword":1,"minecraft:torch":16},"minecraft:killed":{"zombie_extreme:soldier_zombie":1,"zombie_extreme:infectedperson":1,"minecraft:zombie":2,"minecraft:cow":4},"minecraft:custom":{"minecraft:interact_with_furnace":40,"minecraft:mob_kills":8,"minecraft:interact_with_anvil":1,"minecraft:interact_with_crafting_table":16,"minecraft:open_barrel":3,"minecraft:play_one_minute":52019,"minecraft:time_since_death":52019,"minecraft:sleep_in_bed":1,"minecraft:time_since_rest":24718,"minecraft:sprint_one_cm":65066,"minecraft:damage_taken":343,"minecraft:walk_one_cm":138907,"minecraft:damage_dealt":1286,"minecraft:swim_one_cm":10112,"minecraft:fly_one_cm":79003,"minecraft:open_chest":15,"minecraft:crouch_one_cm":8572,"minecraft:sneak_time":4171,"minecraft:walk_under_water_one_cm":3872,"minecraft:boat_one_cm":5614,"minecraft:jump":734,"minecraft:walk_on_water_one_cm":7138,"minecraft:fall_one_cm":14212},"minecraft:broken":{"minecraft:stone_pickaxe":1},"minecraft:used":{"minecraft:stone_sword":8,"minecraft:stone_pickaxe":112,"caves_and_cliffs_mod:tuff":1,"minecraft:wooden_pickaxe":3,"zombie_extreme:chips":1,"minecraft:white_wool":2,"minecraft:torch":3,"minecraft:dirt":2,"minecraft:crafting_table":4,"minecraft:iron_pickaxe":91,"minecraft:stone_axe":36,"minecraft:oak_sapling":9,"minecraft:furnace":4,"minecraft:cooked_beef":3,"minecraft:coarse_dirt":1,"minecraft:cobweb":6}},"DataVersion":2586}