{"stats":{"minecraft:picked_up":{"minecraft:crafting_table":17,"minecraft:wheat":1,"zombie_extreme:alternatesand":6,"zombie_extreme:blackmetal":13,"minecraft:chicken":2,"minecraft:lead":2,"zombie_extreme:titanbar":1,"minecraft:crimson_planks":3,"minecraft:string":58,"caves_and_cliffs_mod:raw_iron":83,"zombie_extreme:spec_ops_suit_helmet":1,"minecraft:bucket":1,"minecraft:spruce_planks":8,"caves_and_cliffs_mod:smooth_basalt":9,"minecraft:beef":8,"minecraft:oak_boat":6,"zombie_extreme:oil_shale":4,"minecraft:light_gray_wool":4,"minecraft:spruce_slab":4,"minecraft:coal_block":2,"zombie_extreme:copper_ignot":5,"minecraft:chest":1,"minecraft:furnace":16,"minecraft:stick":21,"extra_ores:sapphire":6,"minecraft:sandstone":5,"minecraft:torch":29,"minecraft:spruce_stairs":2,"minecraft:porkchop":12,"extra_ores:aluminum_ore":56,"minecraft:diorite":3,"minecraft:carrot":2,"minecraft:stone_pressure_plate":1,"zombie_extreme:soda":1,"minecraft:arrow":18,"minecraft:rotten_flesh":32,"minecraft:sandstone_stairs":1,"minecraft:cobblestone":79,"minecraft:stripped_oak_log":1,"extra_ores:copper_ore":21,"caves_and_cliffs_mod:calcite":12,"minecraft:feather":3,"minecraft:tripwire_hook":1,"minecraft:birch_slab":4,"minecraft:leather":6,"minecraft:cut_sandstone":2,"minecraft:potato":1,"minecraft:flint":2,"extra_ores:silver_ingot":14,"scalinghealth:bandages":2,"minecraft:oak_log":23,"scalinghealth:heart_crystal":1,"minecraft:gray_concrete":1,"minecraft:dirt":5,"minecraft:orange_terracotta":3,"minecraft:bone":14,"minecraft:apple":2,"minecraft:kelp":2,"minecraft:wheat_seeds":1,"minecraft:iron_ingot":9,"extra_ores:amethyst":12,"caves_and_cliffs_mod:cobbled_deepslate":35,"minecraft:oak_planks":4,"zombie_extreme:ancient_flesh":3,"scalinghealth:heart_crystal_shard":3,"minecraft:quartz":16,"minecraft:poisonous_potato":1,"minecraft:gravel":1,"minecraft:sand":41,"zombie_extreme:antiradon_enhanced_action":1,"extra_ores:silver_ore":28,"minecraft:light_gray_concrete":1,"minecraft:polished_andesite":20,"minecraft:light_blue_terracotta":1,"minecraft:diamond":2,"minecraft:emerald":4,"minecraft:oak_sapling":20,"minecraft:coal":144},"minecraft:used":{"minecraft:stone_sword":104,"minecraft:chest":1,"minecraft:spruce_planks":8,"minecraft:shield":33,"zombie_extreme:golfclub":162,"minecraft:torch":32,"caves_and_cliffs_mod:smooth_basalt":9,"minecraft:dirt":5,"scalinghealth:heart_crystal":1,"caves_and_cliffs_mod:cobbled_deepslate":35,"minecraft:spruce_stairs":2,"minecraft:milk_bucket":1,"minecraft:iron_axe":275,"minecraft:oak_sapling":19,"minecraft:furnace":16,"zombie_extreme:soda":1,"minecraft:cooked_beef":2,"minecraft:orange_terracotta":1,"minecraft:water_bucket":5,"minecraft:diorite":1,"minecraft:stone_pickaxe":99,"minecraft:oak_planks":42,"minecraft:wooden_pickaxe":18,"minecraft:sandstone":5,"minecraft:cut_sandstone":2,"minecraft:sand":31,"minecraft:crafting_table":17,"zombie_extreme:jam":1,"minecraft:bread":25,"minecraft:iron_pickaxe":296,"minecraft:stone_axe":72,"minecraft:cobblestone":55,"minecraft:cooked_porkchop":8,"minecraft:bucket":6,"minecraft:pumpkin_pie":1,"minecraft:oak_boat":4,"minecraft:cobweb":12},"minecraft:mined":{"zombie_extreme:blackmetal":13,"minecraft:grass_block":2,"caves_and_cliffs_mod:deepslate":35,"minecraft:coal_block":2,"minecraft:sandstone":11,"minecraft:spawner":1,"caves_and_cliffs_mod:cobbled_deepslate":2,"minecraft:furnace":16,"extra_ores:aluminum_ore":56,"extra_ores:amethyst_ore":12,"treechop:chopped_log":8,"caves_and_cliffs_mod:deepslate_diamond_ore":2,"minecraft:vine":1,"minecraft:light_gray_concrete":2,"minecraft:stripped_oak_log":1,"minecraft:stone":70,"caves_and_cliffs_mod:calcite":12,"scalinghealth:heart_crystal_ore":1,"extra_ores:copper_ore":21,"extra_ores:silver_ore":28,"minecraft:gray_concrete":2,"minecraft:kelp_plant":1,"minecraft:orange_terracotta":2,"minecraft:crafting_table":17,"minecraft:torch":4,"zombie_extreme:alternatesand":6,"minecraft:dead_bush":13,"minecraft:glass":3,"extra_ores:sapphire_ore":6,"minecraft:tall_grass":1,"minecraft:cobblestone":11,"minecraft:diorite":2,"minecraft:wall_torch":23,"minecraft:seagrass":3,"minecraft:light_blue_terracotta":1,"zombie_extreme:burntremains":1,"minecraft:birch_leaves":1,"minecraft:light_gray_wool":4,"minecraft:grass":5,"minecraft:coal_ore":82,"minecraft:oak_log":23,"caves_and_cliffs_mod:smooth_basalt":10,"minecraft:gravel":2,"minecraft:sand":33,"minecraft:dirt":4,"minecraft:cobweb":36,"minecraft:polished_andesite":1,"minecraft:oak_leaves":279},"minecraft:broken":{"minecraft:stone_sword":1,"minecraft:stone_pickaxe":1,"minecraft:shield":1,"minecraft:iron_axe":2,"minecraft:stone_axe":1,"minecraft:iron_pickaxe":1},"minecraft:killed":{"zombie_extreme:night_hunter":4,"minecraft:vindicator":5,"zombie_extreme:drawnedzombie":1,"zombie_extreme:radioactive_zombie":2,"minecraft:skeleton":11,"zombie_extreme:revived":3,"minecraft:chicken":2,"zombie_extreme:clicker_zombie":1,"minecraft:silverfish":8,"minecraft:drowned":1,"zombie_extreme:parasite":8,"zombie_extreme:survial":1,"zombie_extreme:infected_spec_ops_soldier":2,"zombie_extreme:wastland_spider":7,"minecraft:pig":5,"minecraft:zombie":5,"zombie_extreme:crawler_zombie":1,"zombie_extreme:poisonous_zombie":1,"minecraft:cow":4,"zombie_extreme:rat_king":4},"minecraft:dropped":{"minecraft:wheat_seeds":1,"minecraft:sandstone_stairs":1,"minecraft:poisonous_potato":1,"minecraft:feather":3,"minecraft:leather":2,"minecraft:birch_slab":2,"zombie_extreme:antiradon_enhanced_action":1,"minecraft:gray_concrete":1,"zombie_extreme:alternatesand":6,"minecraft:milk_bucket":1,"minecraft:diorite":2,"minecraft:sand":10,"minecraft:bone":2,"minecraft:gravel":1,"minecraft:kelp":2,"minecraft:orange_terracotta":1,"minecraft:oak_boat":1,"minecraft:oak_sapling":1,"minecraft:stone_pressure_plate":1,"minecraft:spruce_slab":2},"minecraft:custom":{"minecraft:mob_kills":68,"minecraft:interact_with_crafting_table":38,"minecraft:open_barrel":13,"minecraft:leave_game":3,"minecraft:time_since_death":204564,"minecraft:climb_one_cm":4543,"minecraft:sprint_one_cm":225998,"minecraft:walk_one_cm":387471,"minecraft:damage_blocked_by_shield":3008,"minecraft:drop":25,"minecraft:talked_to_villager":5,"minecraft:sneak_time":29830,"minecraft:walk_under_water_one_cm":135023,"minecraft:boat_one_cm":183058,"minecraft:jump":4920,"minecraft:walk_on_water_one_cm":173854,"minecraft:interact_with_furnace":87,"minecraft:play_one_minute":204564,"minecraft:sleep_in_bed":2,"minecraft:time_since_rest":57242,"minecraft:damage_taken":2646,"minecraft:damage_absorbed":105,"minecraft:damage_dealt":25972,"minecraft:swim_one_cm":195761,"minecraft:fly_one_cm":376001,"minecraft:open_chest":60,"minecraft:crouch_one_cm":61048,"minecraft:fall_one_cm":56410,"minecraft:inspect_dispenser":1},"minecraft:crafted":{"minecraft:oak_planks":96,"extra_ores:silver_armor_leggings":1,"minecraft:cooked_chicken":2,"extra_ores:silver_ingot":13,"usefulbackpacks:backpack_small":1,"minecraft:furnace":2,"extra_ores:aluminum_ingot":56,"minecraft:leather":8,"minecraft:iron_axe":3,"minecraft:stone_pickaxe":1,"zombie_extreme:blackbar":13,"usefulbackpacks:backpack_medium":1,"minecraft:cooked_beef":8,"minecraft:cooked_porkchop":12,"minecraft:crafting_table":1,"minecraft:wooden_pickaxe":1,"minecraft:bucket":1,"minecraft:stone_axe":1,"minecraft:bread":2,"extra_ores:aluminum_armor_helmet":1,"minecraft:air":0,"extra_ores:copper_ingot":21,"minecraft:white_wool":12,"minecraft:shield":2,"minecraft:stick":4,"usefulbackpacks:backpack_large":1,"minecraft:iron_ingot":63,"minecraft:iron_pickaxe":2,"minecraft:stone_sword":1,"extra_ores:silver_armor_chestplate":1,"minecraft:torch":8,"extra_ores:aluminum_armor_boots":1}},"DataVersion":2586}