{"stats":{"minecraft:mined":{"extra_ores:silver_ore":2,"zombie_extreme:copper_ore":2,"minecraft:crafting_table":3,"minecraft:grass_block":1,"minecraft:tall_grass":1,"minecraft:spawner":1,"minecraft:seagrass":1,"minecraft:coarse_dirt":1,"caves_and_cliffs_mod:tuff":1,"minecraft:furnace":1,"minecraft:birch_leaves":4,"treechop:chopped_log":8,"minecraft:grass":4,"minecraft:oak_log":12,"minecraft:coal_ore":45,"minecraft:dirt":1,"minecraft:cobweb":8,"minecraft:stone":42,"minecraft:white_wool":2,"minecraft:oak_leaves":170,"extra_ores:copper_ore":11},"minecraft:picked_up":{"minecraft:crafting_table":3,"extra_ores:copper_ore":11,"minecraft:coarse_dirt":1,"minecraft:leather":5,"minecraft:filled_map":1,"minecraft:potion":1,"minecraft:oak_log":11,"minecraft:dirt":2,"minecraft:string":7,"caves_and_cliffs_mod:raw_iron":18,"minecraft:beef":14,"zombie_extreme:copper_ore":2,"minecraft:furnace":1,"minecraft:stick":7,"extra_ores:silver_ore":2,"zombie_extreme:soda":1,"minecraft:rotten_flesh":1,"caves_and_cliffs_mod:tuff":1,"zombie_extreme:empty_can":1,"minecraft:oak_sapling":9,"minecraft:coal":44,"minecraft:white_wool":2,"minecraft:cobblestone":37},"minecraft:crafted":{"minecraft:cooked_beef":9,"minecraft:oak_planks":44,"minecraft:crafting_table":1,"minecraft:wooden_pickaxe":1,"minecraft:furnace":1,"minecraft:stone_axe":1,"minecraft:air":0,"extra_ores:copper_ingot":6,"minecraft:white_wool":1,"minecraft:stick":16,"minecraft:iron_ingot":10,"minecraft:stone_pickaxe":1,"minecraft:stone_sword":1},"minecraft:killed":{"zombie_extreme:infectedperson":1,"minecraft:zombie":1,"minecraft:cow":4},"minecraft:custom":{"minecraft:interact_with_furnace":18,"minecraft:mob_kills":6,"minecraft:interact_with_anvil":1,"minecraft:interact_with_crafting_table":10,"minecraft:open_barrel":3,"minecraft:play_one_minute":40019,"minecraft:time_since_death":40019,"minecraft:sleep_in_bed":1,"minecraft:time_since_rest":12718,"minecraft:sprint_one_cm":55267,"minecraft:damage_taken":239,"minecraft:walk_one_cm":103968,"minecraft:damage_dealt":847,"minecraft:swim_one_cm":10112,"minecraft:fly_one_cm":70358,"minecraft:open_chest":15,"minecraft:crouch_one_cm":3937,"minecraft:sneak_time":2352,"minecraft:walk_under_water_one_cm":3872,"minecraft:boat_one_cm":5614,"minecraft:jump":542,"minecraft:walk_on_water_one_cm":6748,"minecraft:fall_one_cm":12954},"minecraft:used":{"minecraft:stone_sword":8,"minecraft:stone_pickaxe":100,"caves_and_cliffs_mod:tuff":1,"minecraft:wooden_pickaxe":3,"zombie_extreme:chips":1,"minecraft:white_wool":2,"minecraft:dirt":2,"minecraft:crafting_table":3,"minecraft:iron_pickaxe":2,"minecraft:stone_axe":26,"minecraft:oak_sapling":9,"minecraft:furnace":2,"minecraft:cooked_beef":3,"minecraft:coarse_dirt":1,"minecraft:cobweb":6}},"DataVersion":2586}