{"stats":{"minecraft:mined":{"minecraft:crafting_table":4,"minecraft:granite":1,"minecraft:grass_block":2,"minecraft:furnace":1,"treechop:chopped_log":12,"minecraft:grass":3,"minecraft:oak_log":21,"minecraft:coal_ore":22,"minecraft:stone":58,"minecraft:polished_andesite":1,"minecraft:oak_leaves":195},"minecraft:picked_up":{"minecraft:crafting_table":4,"minecraft:leather":2,"minecraft:oak_log":22,"minecraft:gunpowder":1,"scalinghealth:heart_crystal":1,"minecraft:dirt":2,"minecraft:string":3,"caves_and_cliffs_mod:raw_iron":16,"minecraft:bone":2,"minecraft:apple":2,"minecraft:beef":5,"minecraft:oak_boat":2,"minecraft:player_head":1,"minecraft:furnace":1,"minecraft:stick":7,"scalinghealth:heart_crystal_shard":11,"minecraft:spider_eye":1,"zombie_extreme:soda":1,"minecraft:polished_andesite":1,"minecraft:rotten_flesh":11,"minecraft:oak_sapling":8,"minecraft:cod":1,"minecraft:coal":22,"minecraft:cobblestone":59},"minecraft:crafted":{"minecraft:oak_planks":24,"minecraft:crafting_table":1,"minecraft:wooden_pickaxe":1,"minecraft:furnace":1,"scalinghealth:heart_crystal":1,"minecraft:stone_axe":1,"minecraft:air":0,"minecraft:oak_boat":1,"minecraft:leather":1,"minecraft:stick":8,"minecraft:iron_ingot":8,"minecraft:iron_pickaxe":1,"minecraft:stone_pickaxe":1,"minecraft:wooden_axe":1,"minecraft:torch":8},"minecraft:dropped":{"minecraft:gunpowder":1,"minecraft:potion":1},"minecraft:killed":{"minecraft:spider":1,"zombie_extreme:infectedperson":3,"minecraft:cod":1,"minecraft:creeper":1,"zombie_extreme:drawnedzombie":1,"minecraft:skeleton":1,"minecraft:zombie":3,"minecraft:bee":1,"minecraft:cow":2},"minecraft:custom":{"minecraft:interact_with_furnace":11,"minecraft:mob_kills":14,"minecraft:interact_with_anvil":3,"minecraft:interact_with_crafting_table":7,"minecraft:open_barrel":6,"minecraft:play_one_minute":28074,"minecraft:bell_ring":3,"minecraft:time_since_death":28074,"minecraft:time_since_rest":28074,"minecraft:sprint_one_cm":57320,"minecraft:damage_taken":573,"minecraft:walk_one_cm":62185,"minecraft:drop":2,"minecraft:damage_dealt":2839,"minecraft:swim_one_cm":10021,"minecraft:talked_to_villager":18,"minecraft:fly_one_cm":81387,"minecraft:open_chest":6,"minecraft:crouch_one_cm":280,"minecraft:sneak_time":173,"minecraft:walk_under_water_one_cm":7451,"minecraft:boat_one_cm":13651,"minecraft:jump":458,"minecraft:walk_on_water_one_cm":16532,"minecraft:fall_one_cm":10061},"minecraft:used":{"minecraft:stone_pickaxe":65,"minecraft:wooden_pickaxe":18,"minecraft:player_head":1,"zombie_extreme:wrench":9,"minecraft:torch":5,"minecraft:dirt":1,"scalinghealth:heart_crystal":2,"minecraft:crafting_table":4,"minecraft:cod":13,"minecraft:wooden_axe":32,"minecraft:stone_axe":30,"minecraft:furnace":1,"minecraft:oak_boat":2,"minecraft:cobweb":1,"minecraft:experience_bottle":1}},"DataVersion":2586}