{"stats":{"minecraft:picked_up":{"minecraft:crafting_table":4,"minecraft:purple_wool":18,"minecraft:chicken":10,"minecraft:gold_block":7,"usefulbackpacks:backpack_medium":2,"minecraft:crimson_planks":3,"extra_ores:silver_axe":2,"minecraft:string":12,"minecraft:quartz_slab":4,"minecraft:flint_and_steel":2,"minecraft:iron_leggings":1,"caves_and_cliffs_mod:raw_iron":19,"extra_ores:conglomerate_cobble":1,"minecraft:spruce_planks":10,"extra_ores:silver_armor_boots":2,"minecraft:beef":11,"extra_ores:silver_armor_chestplate":1,"minecraft:oak_boat":1,"minecraft:spruce_slab":2,"minecraft:coal_block":8,"minecraft:chest":1,"minecraft:furnace":1,"caves_and_cliffs_mod:drip_caves_stone":1,"extra_ores:silver_armor_leggings":2,"minecraft:stick":53,"minecraft:stripped_crimson_hyphae":1,"minecraft:sandstone":30,"minecraft:torch":24,"minecraft:diorite":3,"minecraft:redstone":12,"extra_ores:dolomite_cobble":6,"minecraft:purple_terracotta":9,"minecraft:tnt":2,"minecraft:arrow":8,"zombie_extreme:filter_gas_mask":2,"minecraft:rotten_flesh":7,"minecraft:hay_block":7,"minecraft:gold_ingot":61,"minecraft:petrified_oak_slab":13,"minecraft:skeleton_skull":2,"minecraft:cobblestone":133,"minecraft:feather":11,"minecraft:cooked_beef":10,"minecraft:tripwire_hook":1,"minecraft:andesite":9,"minecraft:leather":9,"minecraft:smoker":1,"minecraft:flint":26,"extra_ores:silver_ingot":2,"minecraft:oak_log":95,"minecraft:gunpowder":157,"scalinghealth:heart_crystal":1,"zombie_extreme:crowbar":2,"minecraft:dirt":4,"zombie_extreme:gas_can":4,"minecraft:orange_terracotta":1,"zombie_extreme:millitaryvest_leggings":1,"minecraft:bone":6,"minecraft:apple":14,"minecraft:stone_pickaxe":1,"minecraft:iron_ingot":95,"extra_ores:amethyst":3,"caves_and_cliffs_mod:cobbled_deepslate":1,"zombie_extreme:millitaryvest_helmet":2,"minecraft:iron_sword":1,"minecraft:oak_planks":40,"minecraft:dark_oak_stairs":2,"minecraft:book":12,"scalinghealth:heart_crystal_shard":8,"minecraft:dark_oak_slab":9,"extra_ores:silver_armor_helmet":1,"minecraft:pumpkin":7,"minecraft:quartz":172,"minecraft:poisonous_potato":1,"minecraft:jungle_planks":1,"minecraft:sand":1,"minecraft:blast_furnace":1,"extra_ores:silver_ore":31,"minecraft:jungle_slab":1,"minecraft:polished_andesite":320,"minecraft:diamond":12,"minecraft:iron_helmet":1,"minecraft:white_concrete":21,"minecraft:emerald":35,"minecraft:bread":11,"minecraft:oak_sapling":76,"minecraft:red_concrete":9,"minecraft:coal":125,"minecraft:diamond_pickaxe":2},"minecraft:used":{"extra_ores:amethyst_pickaxe":4,"zombie_extreme:wrench":54,"minecraft:rotten_flesh":3,"minecraft:torch":8,"minecraft:dirt":4,"scalinghealth:heart_crystal":2,"minecraft:jungle_slab":1,"extra_ores:silver_pickaxe":15,"extra_ores:iron_hammer":88,"minecraft:oak_sapling":13,"minecraft:furnace":1,"extra_ores:dolomite_cobble":4,"minecraft:cooked_beef":11,"minecraft:dark_oak_stairs":2,"minecraft:diorite":3,"minecraft:polished_andesite":17,"minecraft:stone_pickaxe":21,"minecraft:oak_planks":43,"minecraft:wooden_pickaxe":18,"minecraft:sandstone":16,"minecraft:diamond_axe":96,"zombie_extreme:crowbar":157,"minecraft:tnt":1,"minecraft:crafting_table":6,"minecraft:blast_furnace":1,"minecraft:smoker":1,"minecraft:diamond_pickaxe":161,"minecraft:chicken":2,"minecraft:bread":14,"minecraft:iron_pickaxe":110,"zombie_extreme:counteractingpill":1,"minecraft:stone_axe":38,"minecraft:cobblestone":34,"extra_ores:silver_axe":175,"minecraft:andesite":5,"minecraft:oak_boat":4,"minecraft:cobweb":4,"minecraft:experience_bottle":2},"minecraft:mined":{"minecraft:stone_pressure_plate":1,"minecraft:spruce_planks":16,"minecraft:stripped_crimson_hyphae":1,"minecraft:purple_terracotta":9,"caves_and_cliffs_mod:deepslate":1,"minecraft:jungle_planks":1,"minecraft:coal_block":8,"minecraft:birch_slab":2,"minecraft:sandstone":24,"minecraft:spawner":4,"minecraft:hay_block":7,"minecraft:furnace":1,"minecraft:chiseled_sandstone":1,"minecraft:andesite":7,"extra_ores:amethyst_ore":3,"minecraft:pumpkin":7,"treechop:chopped_log":41,"minecraft:gold_block":7,"minecraft:dark_oak_stairs":2,"minecraft:bookshelf":4,"caves_and_cliffs_mod:drip_caves_stone":1,"minecraft:vine":1,"minecraft:quartz_slab":2,"minecraft:stone":65,"minecraft:spruce_slab":2,"extra_ores:silver_ore":31,"minecraft:cut_sandstone":2,"minecraft:scaffolding":1,"extra_ores:dolomite_cobble":3,"minecraft:smoker":1,"minecraft:orange_terracotta":2,"minecraft:crafting_table":2,"minecraft:blast_furnace":1,"minecraft:chest":2,"minecraft:cobblestone":5,"minecraft:tall_grass":2,"extra_ores:dolomite":3,"minecraft:oak_planks":14,"minecraft:diorite":3,"minecraft:wall_torch":2,"minecraft:purple_wool":13,"minecraft:dark_oak_slab":5,"extra_ores:conglomerate":1,"minecraft:birch_leaves":9,"minecraft:tnt":1,"minecraft:grass":1,"minecraft:oak_log":62,"minecraft:coal_ore":42,"minecraft:dirt":8,"minecraft:crimson_planks":3,"minecraft:cobweb":4,"minecraft:polished_andesite":180,"minecraft:oak_leaves":997},"minecraft:killed_by":{"minecraft:pillager":1},"minecraft:broken":{"zombie_extreme:crowbar":1,"extra_ores:silver_axe":1},"minecraft:custom":{"minecraft:mob_kills":99,"minecraft:interact_with_crafting_table":30,"minecraft:open_barrel":39,"minecraft:leave_game":2,"minecraft:time_since_death":50833,"minecraft:climb_one_cm":5579,"minecraft:sprint_one_cm":199004,"minecraft:walk_one_cm":254540,"minecraft:drop":29,"minecraft:talked_to_villager":5,"minecraft:sneak_time":4620,"minecraft:deaths":2,"minecraft:walk_under_water_one_cm":25294,"minecraft:boat_one_cm":91986,"minecraft:jump":1952,"minecraft:interact_with_blast_furnace":11,"minecraft:walk_on_water_one_cm":36095,"minecraft:interact_with_furnace":19,"minecraft:play_one_minute":102616,"minecraft:sleep_in_bed":1,"minecraft:time_since_rest":17885,"minecraft:damage_taken":3779,"minecraft:damage_absorbed":74,"minecraft:damage_dealt":21052,"minecraft:swim_one_cm":127638,"minecraft:fly_one_cm":398393,"minecraft:open_chest":58,"minecraft:crouch_one_cm":13321,"minecraft:interact_with_smoker":3,"minecraft:fall_one_cm":50103,"minecraft:inspect_dispenser":1},"minecraft:crafted":{"extra_ores:silver_axe":1,"minecraft:smooth_stone":3,"minecraft:oak_planks":80,"extra_ores:silver_armor_leggings":1,"extra_ores:silver_ingot":31,"usefulbackpacks:backpack_small":1,"minecraft:furnace":3,"minecraft:blast_furnace":1,"minecraft:stone":4,"extra_ores:iron_hammer":1,"extra_ores:amethyst_pickaxe":1,"extra_ores:silver_pickaxe":1,"minecraft:stone_pickaxe":1,"usefulbackpacks:backpack_medium":1,"minecraft:smoker":1,"minecraft:cooked_beef":2,"minecraft:crafting_table":4,"minecraft:diamond_axe":1,"minecraft:wooden_pickaxe":1,"minecraft:stone_axe":1,"minecraft:air":0,"extra_ores:silver_armor_helmet":1,"minecraft:oak_boat":3,"minecraft:diamond_pickaxe":1,"minecraft:stick":16,"minecraft:iron_ingot":19,"minecraft:iron_pickaxe":1,"minecraft:wooden_axe":1,"extra_ores:silver_armor_chestplate":1,"extra_ores:silver_armor_boots":1,"minecraft:torch":12,"minecraft:shears":1},"minecraft:killed":{"zombie_extreme:soldier_zombie":1,"minecraft:vindicator":25,"zombie_extreme:infectedperson":3,"minecraft:skeleton":11,"minecraft:chicken":4,"minecraft:silverfish":13,"minecraft:drowned":2,"zombie_extreme:parasite":2,"zombie_extreme:fast_zombie_v_2":1,"minecraft:husk":3,"zombie_extreme:militarysoldier":1,"minecraft:pillager":16,"zombie_extreme:policezombie":1,"minecraft:cow":8},"minecraft:dropped":{"minecraft:crimson_planks":3,"zombie_extreme:millitaryvest_leggings":1,"minecraft:purple_terracotta":7,"minecraft:poisonous_potato":1,"zombie_extreme:crowbar":1,"caves_and_cliffs_mod:cobbled_deepslate":1,"extra_ores:conglomerate_cobble":1,"minecraft:cobweb":6,"minecraft:sand":1,"minecraft:bowl":1,"minecraft:rotten_flesh":2,"zombie_extreme:doctor_suit_boots":1,"minecraft:stone":1,"minecraft:gunpowder":1,"minecraft:orange_terracotta":1,"minecraft:spruce_planks":7,"minecraft:andesite":4,"minecraft:spruce_slab":1,"minecraft:arrow":2,"minecraft:stone_pickaxe":1,"minecraft:quartz_slab":4,"minecraft:brick":1}},"DataVersion":2586}