{"stats":{"minecraft:crafted":{"minecraft:oak_planks":44,"minecraft:coal":2,"minecraft:emerald":1,"minecraft:cooked_porkchop":2,"minecraft:crafting_table":2,"minecraft:cooked_chicken":5,"minecraft:furnace":1,"extra_ores:aluminum_ingot":8,"scalinghealth:heart_crystal":1,"minecraft:stone_axe":1,"extra_ores:aluminum_armor_helmet":1,"minecraft:air":0,"minecraft:oak_boat":2,"minecraft:shield":1,"minecraft:stick":16,"minecraft:iron_ingot":16,"minecraft:iron_pickaxe":1,"minecraft:stone_pickaxe":1,"minecraft:wooden_axe":1,"minecraft:stone_sword":1,"minecraft:white_bed":2,"minecraft:torch":20},"minecraft:picked_up":{"minecraft:crafting_table":4,"caves_and_cliffs_mod:azalea_leaves_flowers":2,"minecraft:feather":5,"minecraft:chicken":6,"extra_ores:shale_cobble":5,"minecraft:brown_mushroom":3,"caves_and_cliffs_mod:azalea_leaves":5,"minecraft:brain_coral_block":1,"minecraft:oak_log":42,"caves_and_cliffs_mod:raw_gold":4,"scalinghealth:heart_crystal":2,"minecraft:string":2,"minecraft:dirt":9,"caves_and_cliffs_mod:raw_iron":26,"minecraft:bone":2,"minecraft:iron_ingot":1,"minecraft:oak_boat":1,"caves_and_cliffs_mod:cobbled_deepslate":13,"caves_and_cliffs_mod:moss_block":7,"minecraft:furnace":3,"extra_ores:sapphire":2,"minecraft:stick":2,"scalinghealth:heart_crystal_shard":17,"minecraft:porkchop":6,"minecraft:sand":5,"extra_ores:aluminum_ore":8,"minecraft:white_bed":1,"minecraft:diorite":1,"extra_ores:silver_ore":2,"zombie_extreme:soda":1,"minecraft:arrow":2,"minecraft:rotten_flesh":13,"caves_and_cliffs_mod:tuff":1,"minecraft:granite":12,"minecraft:gold_ingot":1,"minecraft:oak_sapling":2,"minecraft:mutton":10,"minecraft:coal":30,"minecraft:white_wool":9,"minecraft:cobblestone":82},"minecraft:custom":{"minecraft:interact_with_furnace":28,"minecraft:mob_kills":36,"minecraft:interact_with_crafting_table":20,"goblintraders:trade_with_goblin":3,"minecraft:play_one_minute":64450,"minecraft:damage_dealt_resisted":41,"minecraft:leave_game":1,"minecraft:time_since_death":64450,"minecraft:sleep_in_bed":2,"minecraft:time_since_rest":7781,"minecraft:sprint_one_cm":99440,"minecraft:damage_taken":1883,"minecraft:walk_one_cm":145381,"minecraft:damage_blocked_by_shield":460,"minecraft:drop":27,"minecraft:damage_dealt":6821,"minecraft:swim_one_cm":43387,"minecraft:fly_one_cm":110611,"minecraft:open_chest":4,"minecraft:crouch_one_cm":2907,"minecraft:sneak_time":1285,"minecraft:walk_under_water_one_cm":25224,"minecraft:boat_one_cm":168402,"minecraft:jump":967,"minecraft:walk_on_water_one_cm":22855,"minecraft:fall_one_cm":23166},"minecraft:mined":{"caves_and_cliffs_mod:moss_block":14,"extra_ores:silver_ore":2,"caves_and_cliffs_mod:azalea_leaves_flowers":1,"minecraft:white_bed":1,"minecraft:brown_mushroom":3,"minecraft:crafting_table":4,"minecraft:granite":12,"minecraft:grass_block":2,"caves_and_cliffs_mod:deepslate":5,"extra_ores:sapphire_ore":6,"minecraft:stripped_warped_hyphae":1,"minecraft:diorite":1,"minecraft:sandstone":6,"extra_ores:shale_cobble":1,"minecraft:spawner":3,"minecraft:tall_seagrass":1,"minecraft:seagrass":1,"caves_and_cliffs_mod:tuff":1,"minecraft:furnace":3,"extra_ores:aluminum_ore":8,"minecraft:grass":4,"caves_and_cliffs_mod:azalea_leaves":5,"minecraft:coal_ore":27,"minecraft:oak_log":31,"minecraft:gravel":1,"minecraft:dirt":6,"minecraft:sand":6,"minecraft:brain_coral_wall_fan":1,"minecraft:stone":74,"minecraft:oak_leaves":6,"scalinghealth:heart_crystal_ore":5},"minecraft:dropped":{"minecraft:iron_ingot":7,"minecraft:porkchop":3,"minecraft:oak_log":5,"minecraft:bowl":1,"zombie_extreme:rottenapple":1,"caves_and_cliffs_mod:cobbled_deepslate":6,"minecraft:filled_map":1,"scalinghealth:heart_crystal":1,"zombie_extreme:butcher_knife":1,"minecraft:stone_pickaxe":1,"caves_and_cliffs_mod:tuff":1,"extra_ores:sapphire":2},"minecraft:killed":{"zombie_extreme:soldier_zombie":1,"zombie_extreme:bombsuitzombie":1,"minecraft:pig":4,"zombie_extreme:infectedperson":4,"zombie_extreme:drawnedzombie":1,"minecraft:sheep":9,"minecraft:skeleton":2,"minecraft:zombie":7,"minecraft:chicken":6,"minecraft:drowned":4},"minecraft:used":{"minecraft:brain_coral_block":1,"minecraft:stone_sword":111,"minecraft:stone_pickaxe":55,"minecraft:shield":8,"minecraft:cooked_chicken":5,"zombie_extreme:wrench":57,"minecraft:torch":20,"minecraft:dirt":9,"minecraft:sand":1,"minecraft:mutton":6,"scalinghealth:heart_crystal":2,"extra_ores:shale_cobble":5,"minecraft:crafting_table":6,"caves_and_cliffs_mod:cobbled_deepslate":7,"minecraft:white_bed":2,"minecraft:wooden_axe":9,"scalinghealth:enchanted_heart":1,"minecraft:iron_pickaxe":116,"minecraft:stone_axe":31,"caves_and_cliffs_mod:azalea_leaves":1,"minecraft:cobblestone":34,"minecraft:porkchop":1,"minecraft:furnace":4,"minecraft:oak_sapling":2,"minecraft:cooked_porkchop":2,"zombie_extreme:soda":1,"minecraft:oak_boat":3}},"DataVersion":2586}