{"stats":{"minecraft:killed":{"zombie_extreme:soldier_zombie":2,"zombie_extreme:night_hunter":1,"zombie_extreme:infectedperson":3,"zombie_extreme:explosive_zombie":1,"minecraft:skeleton":16,"minecraft:chicken":4,"minecraft:silverfish":13,"zombie_extreme:wastland_spider":7,"zombie_extreme:militarysoldier":2,"minecraft:pig":1,"minecraft:zombie_villager":1,"minecraft:iron_golem":1,"minecraft:pillager":16,"zombie_extreme:policezombie":1,"zombie_extreme:boomerzombie":1,"minecraft:cow":8,"zombie_extreme:rat_king":1,"minecraft:vindicator":101,"zombie_extreme:revived":3,"zombie_extreme:clicker_zombie":1,"minecraft:drowned":2,"zombie_extreme:parasite":4,"zombie_extreme:fast_zombie_v_2":2,"minecraft:husk":5,"minecraft:squid":1,"minecraft:villager":1},"minecraft:used":{"extra_ores:amethyst_pickaxe":4,"minecraft:spruce_slab":2,"minecraft:rotten_flesh":3,"zombie_extreme:wrench":161,"minecraft:jungle_planks":7,"minecraft:jungle_slab":1,"minecraft:milk_bucket":3,"minecraft:bricks":5,"minecraft:dark_oak_slab":2,"minecraft:hay_block":9,"minecraft:furnace":1,"minecraft:oak_sapling":13,"zombie_extreme:antiradon_enhanced_action":1,"minecraft:dark_oak_stairs":2,"minecraft:diorite":3,"minecraft:stone_pickaxe":21,"minecraft:oak_planks":184,"minecraft:wooden_pickaxe":18,"minecraft:sandstone":26,"minecraft:diamond_axe":446,"minecraft:sand":2,"zombie_extreme:crowbar":157,"minecraft:blast_furnace":1,"minecraft:purple_terracotta":34,"minecraft:squid_spawn_egg":26,"minecraft:bread":57,"extra_ores:silver_axe":175,"minecraft:andesite":5,"minecraft:oak_boat":6,"minecraft:white_concrete":21,"minecraft:experience_bottle":2,"minecraft:cobweb":4,"minecraft:petrified_oak_slab":14,"zombie_extreme:alternatesand":4,"minecraft:spruce_planks":29,"minecraft:oak_door":5,"minecraft:torch":25,"minecraft:dirt":4,"scalinghealth:heart_crystal":3,"extra_ores:silver_pickaxe":15,"extra_ores:iron_hammer":215,"zombie_extreme:bandage":1,"minecraft:crimson_planks":39,"extra_ores:dolomite_cobble":4,"minecraft:cooked_beef":11,"minecraft:pumpkin":4,"minecraft:water_bucket":19,"minecraft:polished_andesite":320,"minecraft:tnt":1,"minecraft:crafting_table":11,"minecraft:smoker":1,"minecraft:diamond_pickaxe":392,"minecraft:chicken":2,"minecraft:iron_pickaxe":110,"zombie_extreme:counteractingpill":1,"minecraft:stone_axe":38,"scalinghealth:medkit":1,"zombie_extreme:hammer":169,"minecraft:cobblestone":127,"minecraft:bucket":19,"zombie_extreme:protectionpill":1},"minecraft:mined":{"minecraft:stone_pressure_plate":1,"minecraft:spruce_planks":107,"minecraft:jungle_slab":1,"minecraft:carved_pumpkin":4,"minecraft:stripped_crimson_hyphae":1,"caves_and_cliffs_mod:deepslate":1,"minecraft:coal_block":8,"minecraft:sandstone_stairs":1,"minecraft:spawner":4,"extra_ores:amethyst_ore":3,"minecraft:pumpkin":7,"minecraft:dark_oak_stairs":2,"caves_and_cliffs_mod:drip_caves_stone":1,"minecraft:quartz_slab":2,"minecraft:light_gray_concrete":1,"minecraft:spruce_slab":34,"extra_ores:silver_ore":31,"minecraft:cut_sandstone":2,"minecraft:smoker":1,"minecraft:orange_terracotta":2,"golems:golem_head":43,"minecraft:torch":3,"minecraft:blast_furnace":1,"minecraft:chest":4,"minecraft:glass":2,"minecraft:cobblestone":35,"extra_ores:dolomite":3,"minecraft:oak_planks":34,"minecraft:bricks":24,"minecraft:wall_torch":11,"minecraft:petrified_oak_slab":1,"minecraft:dark_oak_slab":6,"extra_ores:conglomerate":1,"minecraft:tnt":1,"minecraft:grass":1,"minecraft:oak_log":65,"minecraft:sand":3,"minecraft:dirt":8,"minecraft:crimson_planks":44,"minecraft:tripwire_hook":2,"minecraft:dispenser":2,"minecraft:oak_leaves":997,"minecraft:oak_door":4,"minecraft:purple_terracotta":42,"minecraft:spruce_fence":4,"minecraft:jungle_planks":17,"minecraft:birch_slab":2,"minecraft:sandstone":28,"minecraft:hay_block":12,"minecraft:furnace":1,"minecraft:chiseled_sandstone":1,"minecraft:andesite":7,"zombie_extreme:boardedup_boards":2,"treechop:chopped_log":41,"minecraft:gold_block":7,"minecraft:bookshelf":19,"minecraft:vine":2,"minecraft:stone":109,"valhelsia_structures:doused_wall_torch":3,"minecraft:scaffolding":1,"extra_ores:dolomite_cobble":3,"minecraft:gray_concrete":1,"minecraft:crafting_table":3,"zombie_extreme:alternatesand":29,"minecraft:tall_grass":5,"minecraft:diorite":3,"minecraft:spruce_stairs":2,"minecraft:purple_wool":13,"zombie_extreme:oil_shale":4,"minecraft:birch_leaves":9,"minecraft:coal_ore":42,"minecraft:gravel":11,"minecraft:cobweb":4,"minecraft:polished_andesite":384},"minecraft:broken":{"extra_ores:silver_armor_chestplate":1,"zombie_extreme:crowbar":1,"extra_ores:silver_armor_boots":1,"extra_ores:silver_axe":1},"minecraft:crafted":{"extra_ores:silver_axe":1,"minecraft:smooth_stone":3,"minecraft:oak_planks":228,"usefulbackpacks:backpack_small":1,"minecraft:stone":4,"extra_ores:amethyst_pickaxe":1,"minecraft:smoker":1,"minecraft:diamond_axe":1,"minecraft:crafting_table":8,"minecraft:wooden_pickaxe":1,"extra_ores:silver_armor_helmet":1,"minecraft:diamond_pickaxe":1,"minecraft:stick":64,"usefulbackpacks:backpack_large":1,"minecraft:iron_ingot":19,"minecraft:iron_pickaxe":1,"extra_ores:silver_armor_chestplate":1,"minecraft:gold_ingot":63,"extra_ores:silver_armor_boots":1,"minecraft:shears":2,"minecraft:oak_door":3,"extra_ores:silver_armor_leggings":1,"extra_ores:silver_ingot":31,"minecraft:furnace":3,"minecraft:blast_furnace":1,"extra_ores:iron_hammer":1,"extra_ores:silver_pickaxe":1,"minecraft:leather":2,"minecraft:stone_pickaxe":1,"usefulbackpacks:backpack_medium":1,"minecraft:cooked_beef":2,"golems:golem_head":4,"scalinghealth:heart_crystal":1,"minecraft:bucket":2,"minecraft:stone_axe":1,"minecraft:bread":60,"minecraft:air":0,"minecraft:oak_boat":4,"golems:golem_paper":6,"minecraft:wooden_axe":1,"minecraft:torch":12},"minecraft:killed_by":{"minecraft:pillager":1},"minecraft:custom":{"minecraft:interact_with_crafting_table":44,"minecraft:open_barrel":39,"minecraft:leave_game":5,"minecraft:time_since_death":174527,"minecraft:sprint_one_cm":351134,"minecraft:drop":110,"minecraft:talked_to_villager":15,"minecraft:deaths":2,"minecraft:jump":3606,"minecraft:walk_on_water_one_cm":112277,"minecraft:interact_with_furnace":21,"minecraft:traded_with_villager":10,"minecraft:play_one_minute":226310,"minecraft:sleep_in_bed":3,"minecraft:damage_dealt":49973,"minecraft:crouch_one_cm":63517,"minecraft:interact_with_smoker":3,"minecraft:inspect_dispenser":1,"minecraft:mob_kills":216,"minecraft:climb_one_cm":9159,"minecraft:walk_one_cm":488451,"minecraft:sneak_time":17178,"minecraft:walk_under_water_one_cm":147860,"minecraft:boat_one_cm":217433,"minecraft:interact_with_blast_furnace":11,"minecraft:time_since_rest":78936,"minecraft:damage_taken":8746,"minecraft:damage_absorbed":491,"minecraft:swim_one_cm":165244,"minecraft:fly_one_cm":631382,"minecraft:open_chest":72,"minecraft:fall_one_cm":112082},"minecraft:dropped":{"minecraft:dark_oak_slab":8,"minecraft:jungle_planks":8,"zombie_extreme:crowbar":1,"caves_and_cliffs_mod:cobbled_deepslate":1,"valhelsia_structures:doused_torch":3,"zombie_extreme:titanbar":1,"zombie_extreme:antiradon_enhanced_action":1,"zombie_extreme:alternatesand":29,"golems:golem_head":40,"minecraft:sand":2,"zombie_extreme:gas_can":1,"minecraft:gravel":4,"minecraft:rotten_flesh":13,"zombie_extreme:doctor_suit_boots":1,"minecraft:oak_planks":2,"minecraft:gunpowder":1,"minecraft:spruce_slab":24,"minecraft:arrow":3,"minecraft:crimson_planks":4,"zombie_extreme:millitaryvest_leggings":1,"minecraft:purple_terracotta":8,"minecraft:poisonous_potato":1,"minecraft:cobblestone":4,"extra_ores:conglomerate_cobble":1,"minecraft:polished_andesite":1,"minecraft:cobweb":7,"minecraft:iron_leggings":1,"zombie_extreme:empty_can":1,"zombie_extreme:millitaryvest_helmet":1,"minecraft:tripwire_hook":2,"minecraft:bucket":1,"minecraft:bowl":1,"extra_ores:silver_armor_leggings":1,"minecraft:pumpkin_seeds":4,"zombie_extreme:wrench":1,"minecraft:hay_block":7,"minecraft:stone":1,"minecraft:orange_terracotta":1,"minecraft:spruce_planks":17,"minecraft:andesite":4,"zombie_extreme:oil_shale":4,"minecraft:sandstone":8,"minecraft:stone_pickaxe":1,"minecraft:brick":3,"minecraft:quartz_slab":4},"minecraft:picked_up":{"minecraft:crimson_planks":43,"extra_ores:silver_axe":2,"minecraft:string":15,"minecraft:smooth_stone_slab":18,"minecraft:iron_leggings":2,"caves_and_cliffs_mod:raw_iron":19,"extra_ores:conglomerate_cobble":1,"minecraft:spruce_planks":70,"extra_ores:silver_armor_chestplate":1,"zombie_extreme:oil_shale":4,"minecraft:coal_block":8,"minecraft:furnace":1,"extra_ores:silver_armor_leggings":2,"minecraft:stick":53,"minecraft:torch":35,"zombie_extreme:burnt_dirt":1,"minecraft:porkchop":3,"minecraft:diorite":3,"extra_ores:dolomite_cobble":6,"minecraft:rotten_flesh":18,"minecraft:carved_pumpkin":4,"minecraft:cobblestone":408,"minecraft:cooked_beef":10,"minecraft:feather":11,"minecraft:andesite":9,"minecraft:smoker":1,"minecraft:flint":28,"extra_ores:silver_ingot":2,"zombie_extreme:crowbar":2,"minecraft:gray_concrete":6,"minecraft:dirt":4,"zombie_extreme:millitaryvest_leggings":1,"minecraft:bone":11,"caves_and_cliffs_mod:cobbled_deepslate":1,"zombie_extreme:millitaryvest_helmet":2,"minecraft:oak_planks":58,"minecraft:poisonous_potato":1,"minecraft:jungle_planks":15,"minecraft:sand":4,"minecraft:ink_sac":3,"zombie_extreme:antiradon_enhanced_action":2,"extra_ores:silver_ore":31,"minecraft:jungle_slab":1,"minecraft:light_gray_concrete":2,"minecraft:polished_andesite":790,"minecraft:diamond":12,"minecraft:white_concrete":21,"minecraft:bread":11,"minecraft:emerald":69,"minecraft:oak_sapling":76,"minecraft:bricks":159,"minecraft:diamond_pickaxe":2,"minecraft:crafting_table":5,"minecraft:purple_wool":18,"zombie_extreme:alternatesand":33,"minecraft:chicken":10,"usefulbackpacks:backpack_medium":2,"minecraft:gold_block":7,"zombie_extreme:titanbar":1,"minecraft:flint_and_steel":2,"minecraft:quartz_slab":4,"golems:golem_head":44,"extra_ores:silver_armor_boots":2,"minecraft:beef":11,"minecraft:oak_boat":2,"valhelsia_structures:doused_torch":3,"minecraft:spruce_slab":27,"minecraft:chest":1,"caves_and_cliffs_mod:drip_caves_stone":1,"minecraft:stripped_crimson_hyphae":1,"minecraft:sandstone":34,"minecraft:oak_door":8,"minecraft:spruce_fence":2,"minecraft:redstone":12,"minecraft:purple_terracotta":44,"minecraft:tnt":2,"minecraft:arrow":9,"zombie_extreme:filter_gas_mask":2,"minecraft:hay_block":19,"minecraft:gold_ingot":61,"minecraft:petrified_oak_slab":14,"minecraft:skeleton_skull":2,"minecraft:tripwire_hook":3,"minecraft:leather":11,"minecraft:oak_log":98,"minecraft:gunpowder":157,"scalinghealth:heart_crystal":1,"scalinghealth:medkit":1,"zombie_extreme:gas_can":5,"minecraft:orange_terracotta":1,"minecraft:apple":14,"minecraft:iron_ingot":100,"extra_ores:amethyst":3,"minecraft:stone_pickaxe":1,"minecraft:cobweb":1,"minecraft:iron_sword":1,"minecraft:dark_oak_stairs":2,"minecraft:book":57,"zombie_extreme:ancient_flesh":1,"scalinghealth:heart_crystal_shard":17,"minecraft:dark_oak_slab":10,"minecraft:milk_bucket":1,"extra_ores:silver_armor_helmet":1,"minecraft:pumpkin":7,"minecraft:quartz":172,"minecraft:gravel":10,"minecraft:blast_furnace":1,"minecraft:pumpkin_seeds":8,"minecraft:iron_helmet":1,"minecraft:red_concrete":9,"minecraft:coal":125}},"DataVersion":2586}