{"stats":{"minecraft:mined":{"treechop:chopped_log":12,"minecraft:crafting_table":3,"minecraft:grass":3,"minecraft:grass_block":2,"minecraft:oak_log":21,"minecraft:stone":38,"minecraft:oak_leaves":195},"minecraft:picked_up":{"minecraft:stick":7,"minecraft:crafting_table":3,"minecraft:oak_log":21,"minecraft:spider_eye":1,"scalinghealth:heart_crystal":1,"minecraft:string":3,"minecraft:dirt":2,"zombie_extreme:soda":1,"minecraft:apple":2,"minecraft:rotten_flesh":6,"minecraft:player_head":1,"minecraft:oak_sapling":8,"minecraft:cod":1,"minecraft:cobblestone":38},"minecraft:crafted":{"minecraft:oak_boat":1,"minecraft:oak_planks":24,"minecraft:crafting_table":1,"minecraft:stick":8,"minecraft:stone_pickaxe":1,"minecraft:wooden_pickaxe":1,"minecraft:wooden_axe":1,"minecraft:furnace":1,"minecraft:stone_axe":1},"minecraft:killed":{"minecraft:zombie":3,"minecraft:bee":1,"minecraft:spider":1,"zombie_extreme:infectedperson":3,"minecraft:cod":1,"zombie_extreme:drawnedzombie":1},"minecraft:custom":{"minecraft:time_since_rest":16074,"minecraft:interact_with_furnace":1,"minecraft:sprint_one_cm":26085,"minecraft:damage_taken":338,"minecraft:walk_one_cm":30068,"minecraft:mob_kills":10,"minecraft:damage_dealt":1942,"minecraft:interact_with_crafting_table":5,"minecraft:swim_one_cm":9048,"minecraft:fly_one_cm":41990,"minecraft:open_barrel":4,"minecraft:open_chest":1,"minecraft:crouch_one_cm":258,"minecraft:play_one_minute":16074,"minecraft:sneak_time":111,"minecraft:walk_under_water_one_cm":7051,"minecraft:jump":229,"minecraft:time_since_death":16074,"minecraft:walk_on_water_one_cm":15201,"minecraft:fall_one_cm":4302},"minecraft:used":{"minecraft:wooden_axe":32,"minecraft:stone_pickaxe":20,"minecraft:wooden_pickaxe":18,"minecraft:player_head":1,"minecraft:stone_axe":20,"minecraft:dirt":1,"scalinghealth:heart_crystal":1,"minecraft:crafting_table":3,"minecraft:cod":10,"minecraft:cobweb":1}},"DataVersion":2586}