{"stats":{"minecraft:mined":{"scalinghealth:power_crystal_ore":4,"minecraft:granite":1,"minecraft:grass_block":5,"zombie_extreme:blackmetal":1,"caves_and_cliffs_mod:deepslate":77,"minecraft:redstone_wire":25,"minecraft:furnace":2,"caves_and_cliffs_mod:amethyst_block":2,"minecraft:andesite":1,"treechop:chopped_log":12,"caves_and_cliffs_mod:deepslate_diamond_ore":14,"minecraft:gold_block":4,"minecraft:bookshelf":4,"caves_and_cliffs_mod:drip_caves_stone":7,"minecraft:vine":2,"minecraft:stone":147,"caves_and_cliffs_mod:calcite":1,"extra_ores:silver_ore":26,"minecraft:crafting_table":5,"minecraft:torch":8,"minecraft:rose_bush":4,"caves_and_cliffs_mod:pointeddripstonedowntip":1,"minecraft:tall_grass":11,"minecraft:cobblestone":36,"minecraft:wall_torch":6,"minecraft:cyan_wool":2,"minecraft:gray_wool":2,"caves_and_cliffs_mod:tuff":4,"minecraft:smooth_stone_slab":14,"minecraft:grass":44,"minecraft:coal_ore":73,"minecraft:oak_log":21,"caves_and_cliffs_mod:smooth_basalt":1,"minecraft:gravel":1,"minecraft:dirt":19,"minecraft:cobweb":2,"minecraft:stone_bricks":2,"minecraft:polished_andesite":4,"minecraft:oak_leaves":195},"minecraft:picked_up":{"minecraft:crafting_table":5,"zombie_extreme:blackmetal":3,"minecraft:chicken":1,"minecraft:brown_bed":1,"minecraft:gold_block":4,"caves_and_cliffs_mod:raw_gold":7,"minecraft:string":7,"minecraft:smooth_stone_slab":14,"caves_and_cliffs_mod:raw_iron":29,"minecraft:spruce_planks":1,"minecraft:beef":7,"minecraft:oak_boat":2,"minecraft:rose_bush":2,"minecraft:player_head":1,"minecraft:cyan_wool":17,"zombie_extreme:copper_ore":1,"minecraft:furnace":2,"minecraft:egg":3,"caves_and_cliffs_mod:drip_caves_stone":41,"minecraft:stick":7,"minecraft:oak_fence":3,"minecraft:torch":16,"minecraft:spruce_fence":1,"minecraft:diorite":4,"minecraft:redstone":25,"zombie_extreme:soda":1,"minecraft:arrow":5,"minecraft:rotten_flesh":33,"caves_and_cliffs_mod:deepslate_iron_ore":8,"minecraft:cod":1,"minecraft:cobblestone":297,"minecraft:cooked_beef":3,"minecraft:andesite":1,"minecraft:leather":4,"minecraft:brown_wool":8,"minecraft:oak_log":22,"minecraft:gunpowder":1,"scalinghealth:heart_crystal":4,"minecraft:lapis_lazuli":6,"minecraft:dirt":35,"minecraft:bone":7,"minecraft:apple":2,"minecraft:stone_bricks":2,"minecraft:wheat_seeds":3,"minecraft:stone_pickaxe":1,"caves_and_cliffs_mod:cobbled_deepslate":270,"scalinghealth:power_crystal_shard":5,"minecraft:book":12,"extra_ores:rotten_heart":3,"scalinghealth:heart_crystal_shard":11,"zombie_extreme:oreradium":4,"extra_ores:silver_ore":25,"minecraft:spider_eye":1,"minecraft:polished_andesite":13,"caves_and_cliffs_mod:tuff":11,"minecraft:diamond":14,"minecraft:granite":22,"minecraft:white_concrete":2,"zombie_extreme:empty_can":1,"minecraft:gray_wool":8,"minecraft:oak_sapling":8,"minecraft:red_concrete":3,"minecraft:coal":121},"minecraft:crafted":{"minecraft:oak_planks":88,"extra_ores:silver_armor_leggings":1,"minecraft:furnace":2,"extra_ores:silver_ingot":22,"usefulbackpacks:backpack_small":1,"minecraft:bone_meal":6,"extra_ores:iron_hammer":1,"minecraft:leather":7,"minecraft:iron_axe":1,"minecraft:stone_pickaxe":1,"usefulbackpacks:backpack_medium":1,"minecraft:cooked_beef":2,"minecraft:coal_block":6,"minecraft:crafting_table":2,"minecraft:wooden_pickaxe":1,"scalinghealth:heart_crystal":1,"minecraft:stone_axe":1,"minecraft:air":0,"minecraft:oak_boat":1,"minecraft:iron_chestplate":1,"minecraft:stick":24,"usefulbackpacks:backpack_large":1,"minecraft:iron_ingot":22,"minecraft:iron_pickaxe":2,"minecraft:wooden_axe":1,"extra_ores:silver_armor_chestplate":1,"minecraft:iron_leggings":1,"minecraft:torch":68},"minecraft:dropped":{"extra_ores:rotten_heart":3,"minecraft:wheat_seeds":3,"minecraft:oak_fence":1,"minecraft:gold_block":2,"minecraft:rose_bush":2,"minecraft:potion":1,"zombie_extreme:empty_can":2,"minecraft:string":1,"zombie_extreme:blackmetal":3,"minecraft:stone_axe":1,"minecraft:smooth_stone_slab":3,"minecraft:rotten_flesh":3,"minecraft:filled_map":1,"minecraft:gunpowder":1,"zombie_extreme:drug":1,"minecraft:stone_pickaxe":2},"minecraft:killed":{"zombie_extreme:soldier_zombie":1,"zombie_extreme:bombsuitzombie":1,"minecraft:vex":3,"minecraft:spider":7,"zombie_extreme:infectedperson":3,"minecraft:cod":1,"zombie_extreme:drawnedzombie":1,"minecraft:skeleton":15,"minecraft:bee":1,"minecraft:chicken":1,"zombie_extreme:infected_dog":1,"extra_ores:stalker_entity":3,"zombie_extreme:infected_spec_ops_soldier":1,"minecraft:creeper":3,"minecraft:zombie":11,"zombie_extreme:crawler_zombie":2,"minecraft:cow":3},"minecraft:custom":{"minecraft:interact_with_anvil":4,"minecraft:mob_kills":64,"minecraft:interact_with_crafting_table":31,"minecraft:open_barrel":8,"minecraft:bell_ring":3,"minecraft:damage_dealt_resisted":56,"minecraft:time_since_death":136074,"minecraft:climb_one_cm":1341,"minecraft:damage_resisted":147,"minecraft:sprint_one_cm":383279,"minecraft:walk_one_cm":450035,"minecraft:drop":28,"minecraft:talked_to_villager":20,"minecraft:sneak_time":3169,"minecraft:walk_under_water_one_cm":8123,"minecraft:boat_one_cm":13651,"minecraft:jump":3875,"minecraft:walk_on_water_one_cm":23338,"minecraft:interact_with_furnace":40,"minecraft:play_one_minute":136074,"minecraft:sleep_in_bed":7,"minecraft:time_since_rest":11354,"minecraft:damage_taken":3031,"minecraft:damage_absorbed":46,"minecraft:damage_dealt":12184,"minecraft:fly_one_cm":746410,"minecraft:swim_one_cm":10865,"minecraft:open_chest":41,"minecraft:crouch_one_cm":14019,"minecraft:fall_one_cm":108610},"minecraft:used":{"minecraft:oak_fence":2,"minecraft:redstone":25,"caves_and_cliffs_mod:tuff":1,"zombie_extreme:wrench":163,"minecraft:player_head":1,"minecraft:rotten_flesh":17,"minecraft:torch":58,"minecraft:dirt":1,"scalinghealth:heart_crystal":5,"caves_and_cliffs_mod:cobbled_deepslate":88,"extra_ores:iron_hammer":79,"minecraft:granite":22,"minecraft:cyan_wool":3,"minecraft:spruce_fence":1,"minecraft:wooden_axe":32,"minecraft:iron_axe":6,"zombie_extreme:drug":1,"minecraft:furnace":3,"minecraft:oak_sapling":8,"zombie_extreme:soda":1,"minecraft:egg":3,"minecraft:cooked_beef":5,"minecraft:brown_bed":1,"minecraft:stone_pickaxe":65,"minecraft:polished_andesite":12,"minecraft:wooden_pickaxe":18,"zombie_extreme:chips":2,"minecraft:salmon":4,"minecraft:crafting_table":6,"minecraft:cod":13,"minecraft:chicken":1,"minecraft:bread":12,"minecraft:iron_pickaxe":267,"minecraft:stone_axe":30,"minecraft:cobblestone":195,"minecraft:smooth_stone_slab":8,"minecraft:oak_boat":2,"minecraft:white_concrete":2,"minecraft:gray_wool":8,"caves_and_cliffs_mod:drip_caves_stone":28,"minecraft:experience_bottle":4,"minecraft:cobweb":1}},"DataVersion":2586}