{"stats":{"minecraft:mined":{"scalinghealth:power_crystal_ore":7,"minecraft:granite":2,"minecraft:grass_block":6,"zombie_extreme:blackmetal":1,"caves_and_cliffs_mod:deepslate":259,"minecraft:redstone_wire":34,"caves_and_cliffs_mod:cobbled_deepslate":3,"minecraft:furnace":3,"caves_and_cliffs_mod:amethyst_block":4,"minecraft:andesite":1,"treechop:chopped_log":12,"caves_and_cliffs_mod:deepslate_diamond_ore":14,"minecraft:gold_block":4,"minecraft:bookshelf":4,"caves_and_cliffs_mod:drip_caves_stone":20,"minecraft:vine":2,"minecraft:stone":189,"caves_and_cliffs_mod:calcite":2,"scalinghealth:heart_crystal_ore":7,"extra_ores:silver_ore":26,"minecraft:crafting_table":7,"minecraft:torch":8,"minecraft:rose_bush":5,"caves_and_cliffs_mod:pointeddripstonedowntip":1,"minecraft:tall_grass":13,"minecraft:cobblestone":50,"caves_and_cliffs_mod:deepslate_redstone_ore":1,"minecraft:wall_torch":7,"minecraft:cyan_wool":2,"minecraft:gray_wool":3,"caves_and_cliffs_mod:tuff":4,"minecraft:smooth_stone_slab":14,"minecraft:grass":48,"minecraft:coal_ore":73,"minecraft:oak_log":21,"caves_and_cliffs_mod:smooth_basalt":5,"minecraft:gravel":1,"minecraft:dirt":23,"minecraft:cobweb":9,"minecraft:stone_bricks":2,"minecraft:polished_andesite":4,"minecraft:oak_leaves":195},"minecraft:picked_up":{"minecraft:crafting_table":7,"zombie_extreme:blackmetal":3,"minecraft:chicken":1,"minecraft:brown_bed":1,"minecraft:gold_block":4,"caves_and_cliffs_mod:raw_gold":8,"zombie_extreme:chips":1,"minecraft:string":13,"minecraft:smooth_stone_slab":14,"caves_and_cliffs_mod:raw_iron":29,"minecraft:spruce_planks":1,"minecraft:beef":7,"minecraft:oak_boat":2,"minecraft:rose_bush":2,"minecraft:player_head":1,"minecraft:cyan_wool":17,"caves_and_cliffs_mod:deepslate_gold_ore":9,"minecraft:iron_boots":1,"zombie_extreme:copper_ore":1,"minecraft:furnace":3,"minecraft:egg":3,"caves_and_cliffs_mod:drip_caves_stone":94,"minecraft:golden_helmet":1,"minecraft:stick":7,"minecraft:oak_fence":3,"minecraft:torch":20,"minecraft:spruce_fence":1,"minecraft:diorite":4,"minecraft:redstone":53,"zombie_extreme:soda":1,"minecraft:arrow":5,"minecraft:rotten_flesh":34,"caves_and_cliffs_mod:deepslate_iron_ore":24,"minecraft:cod":1,"minecraft:cobblestone":354,"minecraft:cooked_beef":3,"minecraft:andesite":1,"minecraft:leather":4,"minecraft:brown_wool":8,"minecraft:oak_log":22,"minecraft:gunpowder":1,"scalinghealth:heart_crystal":5,"minecraft:lapis_lazuli":6,"minecraft:dirt":40,"minecraft:bone":7,"minecraft:apple":2,"minecraft:stone_bricks":2,"minecraft:wheat_seeds":3,"minecraft:stone_pickaxe":1,"caves_and_cliffs_mod:cobbled_deepslate":751,"scalinghealth:power_crystal_shard":11,"minecraft:book":12,"extra_ores:rotten_heart":3,"scalinghealth:heart_crystal_shard":30,"zombie_extreme:oreradium":4,"minecraft:gravel":1,"extra_ores:silver_ore":26,"minecraft:spider_eye":1,"minecraft:polished_andesite":13,"caves_and_cliffs_mod:tuff":11,"minecraft:diamond":15,"minecraft:granite":22,"minecraft:white_concrete":2,"zombie_extreme:empty_can":1,"minecraft:gray_wool":11,"extra_ores:titanium_ore":2,"minecraft:oak_sapling":8,"minecraft:red_concrete":3,"minecraft:coal":121},"minecraft:crafted":{"minecraft:oak_planks":88,"extra_ores:silver_armor_leggings":1,"minecraft:furnace":2,"extra_ores:silver_ingot":26,"usefulbackpacks:backpack_small":1,"minecraft:bone_meal":6,"extra_ores:iron_hammer":1,"minecraft:leather":7,"minecraft:iron_axe":1,"extra_ores:titanium_ingot":2,"minecraft:stone_pickaxe":1,"usefulbackpacks:backpack_medium":1,"scalinghealth:power_crystal":1,"minecraft:cooked_beef":2,"minecraft:coal_block":6,"minecraft:emerald":5,"minecraft:crafting_table":3,"minecraft:wooden_pickaxe":1,"scalinghealth:heart_crystal":3,"minecraft:stone_axe":1,"minecraft:air":0,"minecraft:oak_boat":1,"minecraft:iron_chestplate":1,"minecraft:stick":24,"usefulbackpacks:backpack_large":1,"minecraft:iron_ingot":26,"minecraft:iron_pickaxe":2,"minecraft:wooden_axe":1,"extra_ores:silver_armor_chestplate":1,"minecraft:iron_leggings":1,"extra_ores:silver_armor_boots":1,"minecraft:torch":68},"minecraft:dropped":{"extra_ores:rotten_heart":3,"minecraft:wheat_seeds":3,"minecraft:lapis_lazuli":6,"minecraft:golden_helmet":1,"minecraft:cobblestone":1,"minecraft:oak_fence":1,"caves_and_cliffs_mod:cobbled_deepslate":203,"minecraft:gold_block":2,"zombie_extreme:oreradium":3,"minecraft:rose_bush":2,"minecraft:potion":1,"zombie_extreme:empty_can":2,"minecraft:string":1,"zombie_extreme:blackmetal":3,"minecraft:redstone":16,"minecraft:gravel":1,"minecraft:stone_axe":1,"minecraft:smooth_stone_slab":3,"caves_and_cliffs_mod:drip_caves_stone":64,"minecraft:rotten_flesh":3,"minecraft:iron_boots":2,"minecraft:filled_map":1,"minecraft:gunpowder":1,"minecraft:andesite":1,"zombie_extreme:drug":1,"minecraft:stone_pickaxe":2},"minecraft:killed":{"zombie_extreme:soldier_zombie":1,"zombie_extreme:bombsuitzombie":1,"minecraft:vex":3,"zombie_extreme:night_hunter":1,"minecraft:spider":7,"zombie_extreme:infectedperson":3,"minecraft:cod":1,"zombie_extreme:drawnedzombie":1,"minecraft:skeleton":15,"minecraft:bee":1,"minecraft:chicken":1,"zombie_extreme:infected_dog":1,"extra_ores:stalker_entity":3,"zombie_extreme:infected_spec_ops_soldier":1,"zombie_extreme:infected_hazmat":1,"minecraft:creeper":3,"minecraft:zombie":13,"zombie_extreme:crawler_zombie":2,"minecraft:cow":3},"minecraft:custom":{"minecraft:interact_with_anvil":4,"minecraft:mob_kills":71,"minecraft:interact_with_crafting_table":37,"minecraft:open_barrel":8,"goblintraders:trade_with_goblin":5,"minecraft:bell_ring":3,"minecraft:damage_dealt_resisted":56,"minecraft:time_since_death":676,"minecraft:climb_one_cm":1341,"minecraft:damage_resisted":147,"minecraft:sprint_one_cm":429218,"minecraft:walk_one_cm":596163,"minecraft:drop":46,"minecraft:talked_to_villager":20,"minecraft:deaths":4,"minecraft:sneak_time":7816,"minecraft:walk_under_water_one_cm":10691,"minecraft:boat_one_cm":15917,"minecraft:jump":4477,"minecraft:walk_on_water_one_cm":31747,"minecraft:interact_with_furnace":52,"minecraft:play_one_minute":172074,"minecraft:sleep_in_bed":7,"minecraft:time_since_rest":705,"minecraft:damage_taken":5809,"minecraft:damage_absorbed":351,"minecraft:damage_dealt":15376,"minecraft:player_kills":1,"minecraft:fly_one_cm":813421,"minecraft:swim_one_cm":10865,"minecraft:open_chest":43,"minecraft:crouch_one_cm":30138,"minecraft:fall_one_cm":125857},"minecraft:broken":{"extra_ores:iron_hammer":1},"minecraft:killed_by":{"zombie_extreme:night_hunter":2},"minecraft:used":{"minecraft:oak_fence":2,"minecraft:redstone":33,"caves_and_cliffs_mod:tuff":11,"zombie_extreme:wrench":186,"minecraft:player_head":1,"minecraft:rotten_flesh":19,"minecraft:torch":82,"minecraft:dirt":1,"scalinghealth:heart_crystal":8,"caves_and_cliffs_mod:cobbled_deepslate":239,"extra_ores:iron_hammer":242,"minecraft:granite":22,"minecraft:cyan_wool":3,"minecraft:spruce_fence":1,"minecraft:wooden_axe":32,"minecraft:iron_axe":8,"scalinghealth:power_crystal":1,"zombie_extreme:drug":1,"minecraft:furnace":5,"minecraft:oak_sapling":8,"zombie_extreme:soda":1,"minecraft:egg":3,"minecraft:cooked_beef":5,"minecraft:brown_bed":1,"minecraft:stone_pickaxe":65,"minecraft:polished_andesite":12,"minecraft:wooden_pickaxe":18,"zombie_extreme:chips":2,"minecraft:salmon":4,"minecraft:crafting_table":10,"minecraft:cod":13,"minecraft:chicken":1,"minecraft:bread":12,"minecraft:iron_pickaxe":385,"minecraft:stone_axe":30,"minecraft:cobblestone":242,"minecraft:smooth_stone_slab":8,"minecraft:oak_boat":3,"minecraft:white_concrete":2,"zombie_extreme:oreradium":1,"minecraft:gray_wool":8,"caves_and_cliffs_mod:drip_caves_stone":29,"minecraft:experience_bottle":4,"minecraft:cobweb":1}},"DataVersion":2586}