{"stats":{"minecraft:mined":{"extra_ores:silver_ore":22,"caves_and_cliffs_mod:deepslate":29,"minecraft:crafting_table":5,"minecraft:torch":6,"minecraft:granite":1,"minecraft:grass_block":5,"zombie_extreme:blackmetal":1,"minecraft:rose_bush":3,"minecraft:redstone_wire":25,"minecraft:cobblestone":35,"minecraft:tall_grass":5,"minecraft:wall_torch":6,"minecraft:cyan_wool":2,"minecraft:gray_wool":2,"caves_and_cliffs_mod:tuff":1,"minecraft:furnace":2,"treechop:chopped_log":12,"minecraft:smooth_stone_slab":12,"minecraft:grass":30,"minecraft:bookshelf":4,"minecraft:oak_log":21,"minecraft:coal_ore":70,"minecraft:vine":2,"minecraft:gravel":1,"minecraft:dirt":19,"minecraft:stone":119,"minecraft:polished_andesite":4,"minecraft:oak_leaves":195},"minecraft:picked_up":{"minecraft:crafting_table":5,"zombie_extreme:blackmetal":3,"minecraft:chicken":1,"minecraft:leather":4,"minecraft:oak_log":22,"minecraft:gunpowder":1,"scalinghealth:heart_crystal":1,"minecraft:smooth_stone_slab":11,"minecraft:dirt":24,"minecraft:string":5,"caves_and_cliffs_mod:raw_iron":24,"minecraft:bone":4,"minecraft:apple":2,"minecraft:wheat_seeds":1,"minecraft:beef":7,"minecraft:stone_pickaxe":1,"caves_and_cliffs_mod:cobbled_deepslate":29,"minecraft:oak_boat":2,"minecraft:rose_bush":2,"minecraft:cyan_wool":3,"minecraft:player_head":1,"minecraft:egg":3,"minecraft:furnace":2,"minecraft:book":12,"extra_ores:rotten_heart":3,"minecraft:stick":7,"scalinghealth:heart_crystal_shard":11,"minecraft:torch":12,"extra_ores:silver_ore":22,"minecraft:redstone":25,"minecraft:spider_eye":1,"zombie_extreme:soda":1,"minecraft:polished_andesite":4,"caves_and_cliffs_mod:tuff":1,"minecraft:arrow":2,"minecraft:rotten_flesh":22,"zombie_extreme:empty_can":1,"minecraft:gray_wool":2,"minecraft:oak_sapling":8,"minecraft:cod":1,"minecraft:coal":110,"minecraft:cobblestone":155},"minecraft:crafted":{"minecraft:cooked_beef":2,"minecraft:coal_block":6,"minecraft:oak_planks":24,"minecraft:crafting_table":1,"minecraft:wooden_pickaxe":1,"extra_ores:silver_ingot":10,"usefulbackpacks:backpack_small":1,"minecraft:furnace":2,"scalinghealth:heart_crystal":1,"minecraft:bone_meal":6,"minecraft:stone_axe":1,"minecraft:air":0,"minecraft:oak_boat":1,"minecraft:iron_chestplate":1,"minecraft:leather":1,"minecraft:iron_axe":1,"minecraft:stick":16,"minecraft:iron_ingot":22,"minecraft:iron_pickaxe":2,"minecraft:stone_pickaxe":1,"minecraft:wooden_axe":1,"extra_ores:silver_armor_chestplate":1,"minecraft:iron_leggings":1,"minecraft:torch":28},"minecraft:dropped":{"extra_ores:rotten_heart":3,"minecraft:stone_axe":1,"minecraft:wheat_seeds":1,"minecraft:filled_map":1,"minecraft:gunpowder":1,"minecraft:rose_bush":2,"zombie_extreme:drug":1,"minecraft:potion":1,"zombie_extreme:empty_can":2,"minecraft:stone_pickaxe":2,"minecraft:string":1,"zombie_extreme:blackmetal":3},"minecraft:killed":{"zombie_extreme:soldier_zombie":1,"minecraft:spider":2,"zombie_extreme:infectedperson":3,"minecraft:cod":1,"minecraft:creeper":3,"zombie_extreme:drawnedzombie":1,"minecraft:skeleton":3,"minecraft:zombie":7,"minecraft:bee":1,"zombie_extreme:infected_dog":1,"zombie_extreme:crawler_zombie":2,"minecraft:chicken":1,"extra_ores:stalker_entity":1,"zombie_extreme:infected_spec_ops_soldier":1,"minecraft:cow":3},"minecraft:custom":{"minecraft:interact_with_furnace":33,"minecraft:mob_kills":33,"minecraft:interact_with_anvil":4,"minecraft:interact_with_crafting_table":26,"minecraft:open_barrel":6,"minecraft:play_one_minute":100074,"minecraft:bell_ring":3,"minecraft:time_since_death":100074,"minecraft:sleep_in_bed":5,"minecraft:time_since_rest":15638,"minecraft:sprint_one_cm":318461,"minecraft:damage_absorbed":46,"minecraft:damage_taken":1483,"minecraft:walk_one_cm":315273,"minecraft:drop":19,"minecraft:damage_dealt":5962,"minecraft:swim_one_cm":10021,"minecraft:talked_to_villager":20,"minecraft:fly_one_cm":604459,"minecraft:open_chest":27,"minecraft:crouch_one_cm":932,"minecraft:sneak_time":469,"minecraft:walk_under_water_one_cm":7587,"minecraft:boat_one_cm":13651,"minecraft:jump":3064,"minecraft:walk_on_water_one_cm":18734,"minecraft:fall_one_cm":84422},"minecraft:used":{"minecraft:redstone":25,"minecraft:polished_andesite":3,"minecraft:stone_pickaxe":65,"caves_and_cliffs_mod:tuff":1,"minecraft:wooden_pickaxe":18,"minecraft:rotten_flesh":13,"minecraft:player_head":1,"zombie_extreme:wrench":73,"zombie_extreme:chips":2,"minecraft:salmon":4,"minecraft:torch":35,"minecraft:dirt":1,"scalinghealth:heart_crystal":2,"minecraft:crafting_table":6,"caves_and_cliffs_mod:cobbled_deepslate":29,"minecraft:cod":13,"minecraft:cyan_wool":3,"minecraft:wooden_axe":32,"minecraft:chicken":1,"minecraft:iron_axe":6,"minecraft:bread":11,"minecraft:iron_pickaxe":219,"minecraft:stone_axe":30,"minecraft:cobblestone":127,"minecraft:oak_sapling":8,"minecraft:furnace":3,"minecraft:smooth_stone_slab":8,"zombie_extreme:soda":1,"minecraft:egg":3,"minecraft:oak_boat":2,"minecraft:cooked_beef":2,"minecraft:gray_wool":2,"minecraft:cobweb":1,"minecraft:experience_bottle":4}},"DataVersion":2586}