{"stats":{"minecraft:picked_up":{"minecraft:crafting_table":4,"zombie_extreme:alternatesand":29,"minecraft:purple_wool":18,"minecraft:chicken":10,"minecraft:gold_block":7,"usefulbackpacks:backpack_medium":2,"minecraft:crimson_planks":43,"extra_ores:silver_axe":2,"minecraft:string":12,"minecraft:quartz_slab":4,"minecraft:flint_and_steel":2,"minecraft:iron_leggings":2,"caves_and_cliffs_mod:raw_iron":19,"extra_ores:conglomerate_cobble":1,"minecraft:spruce_planks":70,"extra_ores:silver_armor_boots":2,"minecraft:beef":11,"extra_ores:silver_armor_chestplate":1,"minecraft:oak_boat":2,"valhelsia_structures:doused_torch":3,"minecraft:spruce_slab":27,"minecraft:coal_block":8,"minecraft:chest":1,"minecraft:furnace":1,"caves_and_cliffs_mod:drip_caves_stone":1,"extra_ores:silver_armor_leggings":2,"minecraft:stick":53,"minecraft:stripped_crimson_hyphae":1,"minecraft:sandstone":34,"minecraft:torch":32,"minecraft:spruce_fence":2,"minecraft:diorite":3,"minecraft:redstone":12,"extra_ores:dolomite_cobble":6,"minecraft:purple_terracotta":44,"minecraft:tnt":2,"minecraft:arrow":9,"zombie_extreme:filter_gas_mask":2,"minecraft:rotten_flesh":11,"minecraft:hay_block":7,"minecraft:gold_ingot":61,"minecraft:petrified_oak_slab":13,"minecraft:skeleton_skull":2,"minecraft:cobblestone":156,"minecraft:feather":11,"minecraft:cooked_beef":10,"minecraft:tripwire_hook":3,"minecraft:andesite":9,"minecraft:leather":9,"minecraft:smoker":1,"minecraft:flint":26,"extra_ores:silver_ingot":2,"minecraft:oak_log":98,"minecraft:gunpowder":157,"scalinghealth:heart_crystal":1,"zombie_extreme:crowbar":2,"minecraft:dirt":4,"zombie_extreme:gas_can":4,"minecraft:orange_terracotta":1,"zombie_extreme:millitaryvest_leggings":1,"minecraft:bone":10,"minecraft:apple":14,"minecraft:stone_pickaxe":1,"minecraft:iron_ingot":95,"extra_ores:amethyst":3,"minecraft:cobweb":1,"caves_and_cliffs_mod:cobbled_deepslate":1,"zombie_extreme:millitaryvest_helmet":2,"minecraft:iron_sword":1,"minecraft:oak_planks":51,"minecraft:dark_oak_stairs":2,"minecraft:book":12,"scalinghealth:heart_crystal_shard":17,"minecraft:dark_oak_slab":10,"extra_ores:silver_armor_helmet":1,"minecraft:pumpkin":7,"minecraft:quartz":172,"minecraft:poisonous_potato":1,"minecraft:gravel":4,"minecraft:jungle_planks":15,"minecraft:sand":4,"minecraft:blast_furnace":1,"zombie_extreme:antiradon_enhanced_action":1,"extra_ores:silver_ore":31,"minecraft:jungle_slab":1,"minecraft:polished_andesite":420,"minecraft:diamond":12,"minecraft:iron_helmet":1,"minecraft:white_concrete":21,"minecraft:emerald":45,"minecraft:bread":11,"minecraft:oak_sapling":76,"minecraft:red_concrete":9,"minecraft:coal":125,"minecraft:diamond_pickaxe":2},"minecraft:used":{"extra_ores:amethyst_pickaxe":4,"minecraft:spruce_slab":2,"minecraft:spruce_planks":26,"zombie_extreme:wrench":161,"minecraft:rotten_flesh":3,"minecraft:torch":17,"minecraft:dirt":4,"scalinghealth:heart_crystal":2,"minecraft:jungle_planks":7,"minecraft:jungle_slab":1,"extra_ores:silver_pickaxe":15,"extra_ores:iron_hammer":96,"zombie_extreme:bandage":1,"minecraft:milk_bucket":2,"minecraft:dark_oak_slab":2,"minecraft:crimson_planks":39,"minecraft:oak_sapling":13,"minecraft:furnace":1,"extra_ores:dolomite_cobble":4,"minecraft:cooked_beef":11,"minecraft:water_bucket":19,"minecraft:dark_oak_stairs":2,"minecraft:diorite":3,"minecraft:polished_andesite":161,"minecraft:stone_pickaxe":21,"minecraft:oak_planks":131,"minecraft:wooden_pickaxe":18,"minecraft:sandstone":26,"minecraft:diamond_axe":311,"minecraft:sand":2,"zombie_extreme:crowbar":157,"minecraft:tnt":1,"minecraft:crafting_table":9,"minecraft:blast_furnace":1,"minecraft:purple_terracotta":34,"minecraft:smoker":1,"minecraft:diamond_pickaxe":268,"minecraft:chicken":2,"minecraft:bread":35,"minecraft:iron_pickaxe":110,"zombie_extreme:counteractingpill":1,"minecraft:stone_axe":38,"minecraft:cobblestone":121,"extra_ores:silver_axe":175,"minecraft:bucket":19,"minecraft:andesite":5,"minecraft:oak_boat":6,"minecraft:white_concrete":21,"minecraft:cobweb":4,"minecraft:experience_bottle":2},"minecraft:mined":{"minecraft:stone_pressure_plate":1,"minecraft:spruce_planks":107,"minecraft:jungle_slab":1,"minecraft:spruce_fence":4,"minecraft:stripped_crimson_hyphae":1,"minecraft:purple_terracotta":42,"caves_and_cliffs_mod:deepslate":1,"minecraft:jungle_planks":17,"minecraft:coal_block":8,"minecraft:birch_slab":2,"minecraft:sandstone":28,"minecraft:sandstone_stairs":1,"minecraft:spawner":4,"minecraft:hay_block":7,"minecraft:furnace":1,"minecraft:chiseled_sandstone":1,"zombie_extreme:boardedup_boards":2,"minecraft:andesite":7,"extra_ores:amethyst_ore":3,"minecraft:pumpkin":7,"treechop:chopped_log":41,"minecraft:gold_block":7,"minecraft:dark_oak_stairs":2,"minecraft:bookshelf":4,"caves_and_cliffs_mod:drip_caves_stone":1,"minecraft:vine":1,"minecraft:quartz_slab":2,"minecraft:stone":67,"minecraft:spruce_slab":34,"valhelsia_structures:doused_wall_torch":3,"extra_ores:silver_ore":31,"minecraft:cut_sandstone":2,"minecraft:scaffolding":1,"extra_ores:dolomite_cobble":3,"minecraft:smoker":1,"minecraft:orange_terracotta":2,"minecraft:crafting_table":2,"minecraft:torch":2,"minecraft:blast_furnace":1,"zombie_extreme:alternatesand":25,"minecraft:chest":4,"minecraft:cobblestone":34,"minecraft:tall_grass":5,"extra_ores:dolomite":3,"minecraft:oak_planks":26,"minecraft:diorite":3,"minecraft:wall_torch":9,"minecraft:spruce_stairs":2,"minecraft:purple_wool":13,"minecraft:dark_oak_slab":6,"extra_ores:conglomerate":1,"minecraft:birch_leaves":9,"minecraft:tnt":1,"minecraft:grass":1,"minecraft:oak_log":65,"minecraft:coal_ore":42,"minecraft:gravel":2,"minecraft:sand":3,"minecraft:dirt":8,"minecraft:crimson_planks":44,"minecraft:cobweb":4,"minecraft:dispenser":2,"minecraft:tripwire_hook":2,"minecraft:polished_andesite":224,"minecraft:oak_leaves":997},"minecraft:killed_by":{"minecraft:pillager":1},"minecraft:broken":{"zombie_extreme:crowbar":1,"extra_ores:silver_axe":1},"minecraft:custom":{"minecraft:mob_kills":129,"minecraft:interact_with_crafting_table":33,"minecraft:open_barrel":39,"minecraft:leave_game":2,"minecraft:time_since_death":98833,"minecraft:climb_one_cm":7459,"minecraft:sprint_one_cm":254402,"minecraft:walk_one_cm":338496,"minecraft:drop":86,"minecraft:talked_to_villager":11,"minecraft:sneak_time":8525,"minecraft:deaths":2,"minecraft:walk_under_water_one_cm":100826,"minecraft:boat_one_cm":146943,"minecraft:jump":2663,"minecraft:interact_with_blast_furnace":11,"minecraft:walk_on_water_one_cm":89138,"minecraft:interact_with_furnace":19,"minecraft:play_one_minute":150616,"minecraft:sleep_in_bed":3,"minecraft:time_since_rest":3242,"minecraft:damage_taken":6348,"minecraft:damage_absorbed":74,"minecraft:damage_dealt":29812,"minecraft:swim_one_cm":151358,"minecraft:fly_one_cm":463355,"minecraft:open_chest":59,"minecraft:crouch_one_cm":27123,"minecraft:interact_with_smoker":3,"minecraft:fall_one_cm":58016,"minecraft:inspect_dispenser":1},"minecraft:crafted":{"extra_ores:silver_axe":1,"minecraft:smooth_stone":3,"minecraft:oak_planks":228,"extra_ores:silver_armor_leggings":1,"extra_ores:silver_ingot":31,"usefulbackpacks:backpack_small":1,"minecraft:furnace":3,"minecraft:blast_furnace":1,"minecraft:stone":4,"extra_ores:iron_hammer":1,"extra_ores:amethyst_pickaxe":1,"extra_ores:silver_pickaxe":1,"minecraft:stone_pickaxe":1,"usefulbackpacks:backpack_medium":1,"minecraft:smoker":1,"minecraft:cooked_beef":2,"minecraft:crafting_table":7,"minecraft:diamond_axe":1,"minecraft:wooden_pickaxe":1,"minecraft:bucket":2,"minecraft:stone_axe":1,"minecraft:air":0,"extra_ores:silver_armor_helmet":1,"minecraft:oak_boat":4,"minecraft:diamond_pickaxe":1,"minecraft:stick":64,"minecraft:iron_ingot":19,"minecraft:iron_pickaxe":1,"minecraft:wooden_axe":1,"extra_ores:silver_armor_chestplate":1,"extra_ores:silver_armor_boots":1,"minecraft:torch":12,"minecraft:shears":1},"minecraft:killed":{"zombie_extreme:soldier_zombie":1,"minecraft:vindicator":48,"zombie_extreme:infectedperson":3,"minecraft:skeleton":15,"minecraft:chicken":4,"minecraft:silverfish":13,"minecraft:drowned":2,"zombie_extreme:parasite":2,"zombie_extreme:fast_zombie_v_2":2,"minecraft:husk":3,"zombie_extreme:militarysoldier":2,"minecraft:pillager":16,"zombie_extreme:policezombie":1,"minecraft:cow":8},"minecraft:dropped":{"minecraft:crimson_planks":3,"zombie_extreme:millitaryvest_leggings":1,"minecraft:purple_terracotta":8,"minecraft:poisonous_potato":1,"minecraft:dark_oak_slab":8,"minecraft:jungle_planks":8,"zombie_extreme:crowbar":1,"caves_and_cliffs_mod:cobbled_deepslate":1,"valhelsia_structures:doused_torch":3,"extra_ores:conglomerate_cobble":1,"zombie_extreme:antiradon_enhanced_action":1,"minecraft:cobweb":7,"zombie_extreme:alternatesand":29,"minecraft:iron_leggings":1,"minecraft:sand":2,"zombie_extreme:millitaryvest_helmet":1,"minecraft:tripwire_hook":2,"minecraft:bucket":1,"minecraft:gravel":4,"minecraft:bowl":1,"minecraft:rotten_flesh":5,"zombie_extreme:doctor_suit_boots":1,"minecraft:stone":1,"minecraft:gunpowder":1,"minecraft:orange_terracotta":1,"minecraft:spruce_planks":17,"minecraft:andesite":4,"minecraft:spruce_slab":24,"minecraft:sandstone":8,"minecraft:arrow":3,"minecraft:stone_pickaxe":1,"minecraft:quartz_slab":4,"minecraft:brick":1}},"DataVersion":2586}