{"stats":{"minecraft:mined":{"minecraft:crafting_table":5,"minecraft:torch":1,"minecraft:granite":1,"minecraft:grass_block":5,"zombie_extreme:blackmetal":1,"minecraft:tall_grass":2,"minecraft:furnace":1,"treechop:chopped_log":12,"minecraft:grass":4,"minecraft:bookshelf":4,"minecraft:oak_log":21,"minecraft:coal_ore":22,"minecraft:vine":2,"minecraft:gravel":1,"minecraft:dirt":18,"minecraft:stone":67,"minecraft:polished_andesite":1,"minecraft:oak_leaves":195},"minecraft:picked_up":{"minecraft:crafting_table":5,"zombie_extreme:blackmetal":3,"minecraft:leather":2,"minecraft:oak_log":22,"minecraft:gunpowder":1,"scalinghealth:heart_crystal":1,"minecraft:dirt":23,"minecraft:string":5,"caves_and_cliffs_mod:raw_iron":16,"minecraft:bone":2,"minecraft:apple":2,"minecraft:beef":5,"minecraft:stone_pickaxe":1,"minecraft:oak_boat":2,"minecraft:player_head":1,"minecraft:egg":2,"minecraft:furnace":1,"minecraft:book":12,"minecraft:stick":7,"scalinghealth:heart_crystal_shard":11,"minecraft:torch":1,"minecraft:spider_eye":1,"zombie_extreme:soda":1,"minecraft:polished_andesite":1,"minecraft:rotten_flesh":15,"minecraft:oak_sapling":8,"minecraft:cod":1,"minecraft:coal":22,"minecraft:cobblestone":68},"minecraft:crafted":{"minecraft:oak_planks":24,"minecraft:crafting_table":1,"minecraft:wooden_pickaxe":1,"usefulbackpacks:backpack_small":1,"minecraft:furnace":1,"scalinghealth:heart_crystal":1,"minecraft:stone_axe":1,"minecraft:air":0,"minecraft:oak_boat":1,"minecraft:iron_chestplate":1,"minecraft:leather":1,"minecraft:iron_axe":1,"minecraft:stick":8,"minecraft:iron_ingot":16,"minecraft:iron_pickaxe":1,"minecraft:stone_pickaxe":1,"minecraft:wooden_axe":1,"minecraft:iron_leggings":1,"minecraft:torch":8},"minecraft:dropped":{"minecraft:stone_axe":1,"minecraft:filled_map":1,"minecraft:gunpowder":1,"zombie_extreme:drug":1,"minecraft:potion":1,"minecraft:stone_pickaxe":1,"minecraft:string":1,"zombie_extreme:blackmetal":3},"minecraft:killed":{"minecraft:spider":1,"zombie_extreme:infectedperson":3,"minecraft:cod":1,"minecraft:creeper":1,"zombie_extreme:drawnedzombie":1,"minecraft:skeleton":1,"minecraft:zombie":3,"minecraft:bee":1,"zombie_extreme:crawler_zombie":2,"zombie_extreme:infected_spec_ops_soldier":1,"minecraft:cow":2},"minecraft:custom":{"minecraft:interact_with_furnace":12,"minecraft:mob_kills":18,"minecraft:interact_with_anvil":3,"minecraft:interact_with_crafting_table":14,"minecraft:open_barrel":6,"minecraft:play_one_minute":40074,"minecraft:bell_ring":3,"minecraft:time_since_death":40074,"minecraft:sleep_in_bed":1,"minecraft:time_since_rest":718,"minecraft:sprint_one_cm":98691,"minecraft:damage_taken":583,"minecraft:walk_one_cm":87523,"minecraft:drop":10,"minecraft:damage_dealt":3489,"minecraft:swim_one_cm":10021,"minecraft:talked_to_villager":20,"minecraft:fly_one_cm":178590,"minecraft:open_chest":21,"minecraft:crouch_one_cm":344,"minecraft:sneak_time":220,"minecraft:walk_under_water_one_cm":7587,"minecraft:boat_one_cm":13651,"minecraft:jump":829,"minecraft:walk_on_water_one_cm":18682,"minecraft:fall_one_cm":21337},"minecraft:used":{"minecraft:stone_pickaxe":65,"minecraft:wooden_pickaxe":18,"minecraft:player_head":1,"zombie_extreme:wrench":22,"minecraft:torch":9,"minecraft:dirt":1,"scalinghealth:heart_crystal":2,"minecraft:crafting_table":6,"minecraft:cod":13,"minecraft:wooden_axe":32,"minecraft:iron_axe":5,"minecraft:bread":3,"minecraft:iron_pickaxe":14,"minecraft:stone_axe":30,"minecraft:oak_sapling":8,"minecraft:furnace":1,"minecraft:egg":2,"minecraft:oak_boat":2,"minecraft:cobweb":1,"minecraft:experience_bottle":4}},"DataVersion":2586}