{"stats":{"minecraft:picked_up":{"minecraft:crafting_table":5,"zombie_extreme:alternatesand":33,"minecraft:purple_wool":18,"minecraft:chicken":10,"minecraft:gold_block":7,"usefulbackpacks:backpack_medium":2,"minecraft:crimson_planks":43,"zombie_extreme:titanbar":1,"minecraft:smooth_stone_slab":18,"extra_ores:silver_axe":2,"minecraft:string":15,"minecraft:quartz_slab":4,"minecraft:flint_and_steel":2,"minecraft:iron_leggings":2,"caves_and_cliffs_mod:raw_iron":19,"extra_ores:conglomerate_cobble":1,"minecraft:spruce_planks":70,"extra_ores:silver_armor_boots":2,"minecraft:beef":11,"extra_ores:silver_armor_chestplate":1,"minecraft:oak_boat":2,"valhelsia_structures:doused_torch":3,"zombie_extreme:oil_shale":4,"minecraft:spruce_slab":27,"minecraft:coal_block":8,"minecraft:chest":1,"minecraft:furnace":1,"caves_and_cliffs_mod:drip_caves_stone":1,"extra_ores:silver_armor_leggings":2,"minecraft:stick":53,"minecraft:stripped_crimson_hyphae":1,"minecraft:sandstone":34,"minecraft:oak_door":8,"minecraft:torch":35,"zombie_extreme:burnt_dirt":1,"minecraft:spruce_fence":2,"minecraft:porkchop":3,"minecraft:diorite":3,"minecraft:redstone":12,"extra_ores:dolomite_cobble":6,"minecraft:purple_terracotta":44,"minecraft:tnt":2,"minecraft:arrow":9,"zombie_extreme:filter_gas_mask":2,"minecraft:rotten_flesh":18,"minecraft:hay_block":7,"minecraft:gold_ingot":61,"minecraft:petrified_oak_slab":14,"minecraft:skeleton_skull":2,"minecraft:cobblestone":408,"minecraft:feather":11,"minecraft:cooked_beef":10,"minecraft:tripwire_hook":3,"minecraft:andesite":9,"minecraft:leather":11,"minecraft:smoker":1,"minecraft:flint":28,"extra_ores:silver_ingot":2,"minecraft:oak_log":98,"minecraft:gunpowder":157,"scalinghealth:heart_crystal":1,"minecraft:gray_concrete":6,"zombie_extreme:crowbar":2,"minecraft:dirt":4,"scalinghealth:medkit":1,"zombie_extreme:gas_can":4,"minecraft:orange_terracotta":1,"zombie_extreme:millitaryvest_leggings":1,"minecraft:bone":10,"minecraft:apple":14,"minecraft:stone_pickaxe":1,"minecraft:iron_ingot":95,"extra_ores:amethyst":3,"minecraft:cobweb":1,"caves_and_cliffs_mod:cobbled_deepslate":1,"zombie_extreme:millitaryvest_helmet":2,"minecraft:iron_sword":1,"minecraft:oak_planks":58,"minecraft:dark_oak_stairs":2,"minecraft:book":57,"zombie_extreme:ancient_flesh":1,"scalinghealth:heart_crystal_shard":17,"minecraft:milk_bucket":1,"minecraft:dark_oak_slab":10,"extra_ores:silver_armor_helmet":1,"minecraft:pumpkin":7,"minecraft:quartz":172,"minecraft:poisonous_potato":1,"minecraft:gravel":10,"minecraft:jungle_planks":15,"minecraft:sand":4,"minecraft:blast_furnace":1,"zombie_extreme:antiradon_enhanced_action":2,"extra_ores:silver_ore":31,"minecraft:jungle_slab":1,"minecraft:light_gray_concrete":2,"minecraft:polished_andesite":790,"minecraft:diamond":12,"minecraft:iron_helmet":1,"minecraft:bricks":154,"minecraft:white_concrete":21,"minecraft:emerald":69,"minecraft:bread":11,"minecraft:oak_sapling":76,"minecraft:red_concrete":9,"minecraft:coal":125,"minecraft:diamond_pickaxe":2},"minecraft:used":{"extra_ores:amethyst_pickaxe":4,"minecraft:petrified_oak_slab":14,"zombie_extreme:alternatesand":4,"minecraft:spruce_slab":2,"minecraft:spruce_planks":29,"minecraft:oak_door":5,"zombie_extreme:wrench":161,"minecraft:rotten_flesh":3,"minecraft:torch":25,"minecraft:dirt":4,"scalinghealth:heart_crystal":3,"minecraft:jungle_planks":7,"minecraft:jungle_slab":1,"extra_ores:silver_pickaxe":15,"extra_ores:iron_hammer":215,"zombie_extreme:bandage":1,"minecraft:milk_bucket":3,"minecraft:dark_oak_slab":2,"minecraft:crimson_planks":39,"minecraft:oak_sapling":13,"minecraft:furnace":1,"extra_ores:dolomite_cobble":4,"minecraft:cooked_beef":11,"zombie_extreme:antiradon_enhanced_action":1,"minecraft:water_bucket":19,"minecraft:dark_oak_stairs":2,"minecraft:diorite":3,"minecraft:polished_andesite":320,"minecraft:stone_pickaxe":21,"minecraft:oak_planks":184,"minecraft:wooden_pickaxe":18,"minecraft:sandstone":26,"minecraft:diamond_axe":342,"minecraft:sand":2,"zombie_extreme:crowbar":157,"minecraft:tnt":1,"minecraft:crafting_table":11,"minecraft:blast_furnace":1,"minecraft:purple_terracotta":34,"minecraft:smoker":1,"minecraft:diamond_pickaxe":387,"minecraft:chicken":2,"minecraft:bread":54,"minecraft:iron_pickaxe":110,"zombie_extreme:counteractingpill":1,"scalinghealth:medkit":1,"minecraft:stone_axe":38,"zombie_extreme:hammer":147,"minecraft:cobblestone":127,"extra_ores:silver_axe":175,"minecraft:bucket":19,"minecraft:andesite":5,"minecraft:oak_boat":6,"zombie_extreme:protectionpill":1,"minecraft:white_concrete":21,"minecraft:cobweb":4,"minecraft:experience_bottle":2},"minecraft:mined":{"minecraft:stone_pressure_plate":1,"minecraft:spruce_planks":107,"minecraft:oak_door":4,"minecraft:jungle_slab":1,"minecraft:spruce_fence":4,"minecraft:stripped_crimson_hyphae":1,"minecraft:purple_terracotta":42,"caves_and_cliffs_mod:deepslate":1,"minecraft:jungle_planks":17,"minecraft:coal_block":8,"minecraft:birch_slab":2,"minecraft:sandstone":28,"minecraft:sandstone_stairs":1,"minecraft:spawner":4,"minecraft:hay_block":7,"minecraft:furnace":1,"minecraft:chiseled_sandstone":1,"zombie_extreme:boardedup_boards":2,"minecraft:andesite":7,"extra_ores:amethyst_ore":3,"minecraft:pumpkin":7,"treechop:chopped_log":41,"minecraft:gold_block":7,"minecraft:dark_oak_stairs":2,"minecraft:bookshelf":19,"caves_and_cliffs_mod:drip_caves_stone":1,"minecraft:vine":2,"minecraft:quartz_slab":2,"minecraft:light_gray_concrete":1,"minecraft:stone":109,"minecraft:spruce_slab":34,"valhelsia_structures:doused_wall_torch":3,"extra_ores:silver_ore":31,"minecraft:cut_sandstone":2,"minecraft:scaffolding":1,"extra_ores:dolomite_cobble":3,"minecraft:gray_concrete":1,"minecraft:smoker":1,"minecraft:orange_terracotta":2,"minecraft:crafting_table":3,"minecraft:torch":3,"minecraft:blast_furnace":1,"zombie_extreme:alternatesand":29,"minecraft:chest":4,"minecraft:glass":2,"minecraft:cobblestone":35,"minecraft:tall_grass":5,"extra_ores:dolomite":3,"minecraft:oak_planks":34,"minecraft:bricks":19,"minecraft:diorite":3,"minecraft:wall_torch":11,"minecraft:petrified_oak_slab":1,"minecraft:spruce_stairs":2,"zombie_extreme:oil_shale":4,"minecraft:purple_wool":13,"minecraft:dark_oak_slab":6,"extra_ores:conglomerate":1,"minecraft:birch_leaves":9,"minecraft:tnt":1,"minecraft:grass":1,"minecraft:oak_log":65,"minecraft:coal_ore":42,"minecraft:gravel":11,"minecraft:sand":3,"minecraft:dirt":8,"minecraft:crimson_planks":44,"minecraft:cobweb":4,"minecraft:dispenser":2,"minecraft:tripwire_hook":2,"minecraft:polished_andesite":384,"minecraft:oak_leaves":997},"minecraft:killed_by":{"minecraft:pillager":1},"minecraft:broken":{"zombie_extreme:crowbar":1,"extra_ores:silver_armor_boots":1,"extra_ores:silver_axe":1},"minecraft:custom":{"minecraft:mob_kills":206,"minecraft:interact_with_crafting_table":37,"minecraft:open_barrel":39,"minecraft:leave_game":2,"minecraft:time_since_death":152833,"minecraft:climb_one_cm":8855,"minecraft:sprint_one_cm":319264,"minecraft:walk_one_cm":439641,"minecraft:drop":100,"minecraft:talked_to_villager":15,"minecraft:sneak_time":16719,"minecraft:deaths":2,"minecraft:walk_under_water_one_cm":140201,"minecraft:boat_one_cm":217433,"minecraft:jump":3255,"minecraft:interact_with_blast_furnace":11,"minecraft:walk_on_water_one_cm":110458,"minecraft:interact_with_furnace":21,"minecraft:traded_with_villager":10,"minecraft:play_one_minute":204616,"minecraft:sleep_in_bed":3,"minecraft:time_since_rest":57242,"minecraft:damage_taken":8251,"minecraft:damage_absorbed":92,"minecraft:damage_dealt":47102,"minecraft:swim_one_cm":165244,"minecraft:fly_one_cm":534845,"minecraft:open_chest":72,"minecraft:crouch_one_cm":63060,"minecraft:interact_with_smoker":3,"minecraft:fall_one_cm":94853,"minecraft:inspect_dispenser":1},"minecraft:crafted":{"minecraft:oak_door":3,"extra_ores:silver_axe":1,"minecraft:smooth_stone":3,"minecraft:oak_planks":228,"extra_ores:silver_armor_leggings":1,"extra_ores:silver_ingot":31,"usefulbackpacks:backpack_small":1,"minecraft:furnace":3,"minecraft:blast_furnace":1,"minecraft:stone":4,"extra_ores:iron_hammer":1,"extra_ores:amethyst_pickaxe":1,"extra_ores:silver_pickaxe":1,"minecraft:leather":2,"minecraft:stone_pickaxe":1,"usefulbackpacks:backpack_medium":1,"minecraft:smoker":1,"minecraft:cooked_beef":2,"minecraft:crafting_table":8,"minecraft:diamond_axe":1,"minecraft:wooden_pickaxe":1,"scalinghealth:heart_crystal":1,"minecraft:bucket":2,"minecraft:stone_axe":1,"minecraft:bread":60,"minecraft:air":0,"extra_ores:silver_armor_helmet":1,"minecraft:oak_boat":4,"minecraft:diamond_pickaxe":1,"minecraft:stick":64,"usefulbackpacks:backpack_large":1,"minecraft:iron_ingot":19,"minecraft:iron_pickaxe":1,"minecraft:wooden_axe":1,"extra_ores:silver_armor_chestplate":1,"minecraft:gold_ingot":63,"extra_ores:silver_armor_boots":1,"minecraft:torch":12,"minecraft:shears":1},"minecraft:killed":{"zombie_extreme:soldier_zombie":2,"zombie_extreme:night_hunter":1,"minecraft:vindicator":101,"zombie_extreme:infectedperson":3,"minecraft:skeleton":15,"zombie_extreme:revived":3,"minecraft:chicken":4,"zombie_extreme:clicker_zombie":1,"minecraft:silverfish":13,"minecraft:drowned":2,"zombie_extreme:parasite":3,"zombie_extreme:fast_zombie_v_2":2,"minecraft:husk":3,"zombie_extreme:wastland_spider":7,"zombie_extreme:militarysoldier":2,"minecraft:pig":1,"minecraft:pillager":16,"zombie_extreme:policezombie":1,"zombie_extreme:rat_king":1,"minecraft:cow":8},"minecraft:dropped":{"minecraft:crimson_planks":4,"zombie_extreme:millitaryvest_leggings":1,"minecraft:purple_terracotta":8,"minecraft:cobblestone":4,"minecraft:poisonous_potato":1,"minecraft:dark_oak_slab":8,"minecraft:jungle_planks":8,"zombie_extreme:crowbar":1,"caves_and_cliffs_mod:cobbled_deepslate":1,"valhelsia_structures:doused_torch":3,"extra_ores:conglomerate_cobble":1,"minecraft:polished_andesite":1,"zombie_extreme:titanbar":1,"zombie_extreme:antiradon_enhanced_action":1,"minecraft:cobweb":7,"zombie_extreme:alternatesand":29,"minecraft:iron_leggings":1,"zombie_extreme:empty_can":1,"minecraft:sand":2,"zombie_extreme:millitaryvest_helmet":1,"minecraft:tripwire_hook":2,"minecraft:bucket":1,"minecraft:gravel":4,"minecraft:bowl":1,"extra_ores:silver_armor_leggings":1,"minecraft:rotten_flesh":13,"zombie_extreme:doctor_suit_boots":1,"minecraft:oak_planks":2,"zombie_extreme:wrench":1,"minecraft:stone":1,"minecraft:gunpowder":1,"minecraft:orange_terracotta":1,"minecraft:spruce_planks":17,"zombie_extreme:oil_shale":4,"minecraft:andesite":4,"minecraft:spruce_slab":24,"minecraft:sandstone":8,"minecraft:arrow":3,"minecraft:stone_pickaxe":1,"minecraft:quartz_slab":4,"minecraft:brick":1}},"DataVersion":2586}